Var1,Var2,Var3
0,0.708910449362363,0
0.015,0.711014377772465,12.9678397151658
0.03,0.364074895974823,13.4030544523509
0.045,0.381235696541327,14.4923514410893
0.06,0.410594933063278,15.2891170833272
0.075,0.450482690014202,15.7628113688651
0.09,0.484715647797281,15.896601947745
0.105,0.504833577751049,15.6925368737761
0.12,0.507803743939666,15.17194598486
0.135,0.494152704587598,14.3746743499752
0.15,0.467090108680339,13.3569286278558
0.165,0.432190894769832,12.187748170021
0.18,0.397233630364132,10.9443769692221
0.195,0.371482335962795,9.70702353654133
0.21,0.363210175797417,8.55358430832259
0.225,0.37559581360333,7.55485856672128
0.24,0.404863243658082,6.770638134211
0.255,0.443192689247661,6.24687738305014
0.27,0.482727128927304,6.01399499895645
0.285,0.517445053131465,6.08625625741786
0.3,0.543357250745183,6.46213105127807
0.315,0.558175371503171,7.12550227538157
0.33,0.560946431510794,8.04759191176591
0.345,0.551753604745942,9.1894567061933
0.36,0.531475359158607,10.5048742173191
0.375,0.501584360957772,11.9434090609845
0.39,0.463976412566065,13.4534404665575
0.405,0.420828562439297,14.9849685694904
0.42,0.374492165106842,16.4992257026588
0.435,0.327425159232853,17.8397440990568
0.45,0.281449797848334,19.1832259700104
0.465,0.240481967449577,20.3843342607265
0.48,0.206699526439943,21.443773482325
0.495,0.183124310084839,22.352744886403
0.51,0.171958384633895,23.1102139505708
0.525,0.173421818422354,23.7222281746952
0.54,0.185478562878173,24.2009732780818
0.555,0.205214867513928,24.563593273118
0.57,0.230247539317559,24.8308111462598
0.585,0.259086958219756,25.0254065308913
0.6,0.290878231146727,25.1706279295598
0.615,0.325061976811449,25.2886317671272
0.63,0.361145287325857,25.3990410484173
0.645,0.398592013861257,25.5176921698452
0.66,0.43679474632159,25.6555543030436
0.675,0.47508777692027,25.8174342952277
0.69,0.512758287760778,25.9827387576429
0.705,0.549160100150502,26.3409662059563
0.72,0.586800279472372,26.5487627863269
0.735,0.619569353444328,26.5727271890382
0.75,0.641955713427229,26.716604416459
0.765,0.667500643769461,27.1456563055751
0.78,0.69701342797799,27.5447622639253
0.795,0.723735980552627,27.8992750364978
0.81,0.747686348254367,28.1957737392782
0.825,0.768801408835731,28.423026415609
0.84,0.787031225523125,28.5726222435818
0.855,0.802355424624657,28.6394331329677
0.87,0.814796098321645,28.6218735145954
0.885,0.824433386550955,28.5219600526415
0.9,0.831421069170562,28.3451833534544
0.915,0.835999022397441,28.1002111872341
0.93,0.838499818574279,27.7984484773188
0.945,0.839347593696773,27.4534837908446
0.96,0.839048412933886,27.0804557345978
0.975,0.838172580985217,26.6953762348643
0.99,0.837330550704749,26.3144533638667
1.005,0.837145257874635,25.9534738688776
1.02,0.838225275045876,25.627392445859
1.035,0.841148678452508,25.3509809198143
1.05,0.84655226483009,25.1578829650247
1.065,0.855713997113253,25.0436671094059
1.08,0.868372205263102,25.0008169115236
1.095,0.884385951452105,25.0379765237073
1.11,0.903990288762026,25.1528812576501
1.125,0.927191619972564,25.3440165017472
1.14,0.953973063577316,25.6067234318906
1.155,0.984242142109223,25.9345750258972
1.17,1.01785101159623,26.3195437747602
1.185,1.05460184971957,26.7523709107065
1.2,1.0942521744714,27.2264880515116
1.215,1.13668420875154,27.7341249944064
1.23,1.18171128637353,28.2662344296609
1.245,1.22909856166102,28.8196196634498
1.26,1.279013533562,29.3831904315724
1.275,1.3303483243847,29.9019875555618
1.29,1.38132133147878,30.3974374410836
1.305,1.43245757807655,30.8554823494032
1.32,1.4830929543375,31.2656956864834
1.335,1.5325119422878,31.6095923341512
1.35,1.5794103732359,32.0037295454987
1.365,1.63068253417389,32.259302273023
1.38,1.67541815928426,32.4403888818571
1.395,1.71810095882383,32.7679922041387
1.41,1.76806555272514,32.9043575223563
1.425,1.80912879675664,32.9891893413737
1.44,1.84701292083544,33.0174139410591
1.455,1.8815927094263,32.9868610669975
1.47,1.91241336715525,32.8370069221177
1.485,1.93530648123264,32.725597118685
1.5,1.96033339664422,32.6136910363056
1.515,1.9849709886917,32.4665078851812
1.53,2.0065594248338,32.2867892596597
1.545,2.0252027687821,32.0770448756497
1.56,2.04093890866088,31.8405919421764
1.575,2.05385521261401,31.5805649008944
1.59,2.06407657398339,31.3007129551266
1.605,2.07177546414391,31.0041946901122
1.62,2.07713486701138,30.694470062098
1.635,2.08036115654803,30.3742801065559
1.65,2.08165713713199,30.0466478696062
1.665,2.08124185558304,29.7139082317582
1.68,2.07932677270301,29.378711903176
1.695,2.07613627257428,29.0430599629658
1.71,2.07188415627651,28.7093006916644
1.725,2.06679459452597,28.3791888015829
1.74,2.06108121867145,28.0549427472922
1.755,2.05497640517475,27.7385966675602
1.77,2.04874686838954,27.4347292165301
1.785,2.0432950031875,27.2028360206287
1.8,2.04289635475753,26.9924203370125
1.815,2.04489477999512,26.7994135292221
1.83,2.05090235756181,26.7881922137869
1.845,2.06342699261172,26.5609466844821
1.86,2.06471190294017,26.384907951738
1.875,2.06934986122114,26.3121749497907
1.89,2.07453525715843,25.9304959019154
1.905,2.06552081500537,25.7964745616249
1.92,2.06866981123402,25.6289201072932
1.935,2.07093445454409,25.4642800037464
1.95,2.07309149951386,25.3009286462909
1.965,2.07500208076217,25.1367078261095
1.98,2.07647238359905,24.9698259677127
1.995,2.07730613164782,24.79803999909
2.01,2.07728940696043,24.6195486667299
2.025,2.07621451578068,24.4321964891454
2.04,2.073865683779,24.2343466153782
2.055,2.07004266387027,24.0240993114968
2.07,2.06454662696692,23.800137135393
2.085,2.05720286051211,23.5609540605036
2.1,2.0478463351474,23.3056682631996
2.115,2.03634301094567,23.0332600992206
2.13,2.02257471278381,22.7433498467952
2.145,2.0064587192121,22.4354446947994
2.16,1.98793174479583,22.1096807006912
2.175,1.96696766157594,21.7660806819039
2.19,1.94356056480772,21.405261276497
2.205,1.91774065647907,21.0277049560579
2.22,1.88955654150521,20.6344342479338
2.235,1.85908946313214,20.2263018728546
2.25,1.82643511533446,19.8046348129799
2.265,1.79171653807087,19.3705467871351
2.28,1.75506581864106,18.9255549404623
2.295,1.71663601544846,18.4709185695968
2.31,1.67658314713585,18.0082308635587
2.325,1.63507751359061,17.5387871163875
2.34,1.59228634026542,17.0641533136096
2.355,1.54838481380765,16.5855661894725
2.37,1.50353967446327,16.1044796922348
2.385,1.45792019888411,15.6219983202895
2.4,1.41168293628612,15.1394017572023
2.415,1.36498277375556,14.6576120839725
2.43,1.31795891237603,14.1776962546725
2.445,1.27074605938509,13.70036710922
2.46,1.22346165472151,13.2264629169628
2.475,1.17621716240621,12.7564816335268
2.49,1.1291064950538,12.2910364825021
2.505,1.08221732978784,11.8304225990769
2.52,1.03562064102439,11.375047527126
2.535,0.989381944662502,10.9250292353077
2.55,0.943551836707316,10.480600440185
2.565,0.898177071630257,10.0417369231696
2.58,0.853292014499893,9.60853470933668
2.595,0.808929466046425,9.18086889746942
2.61,0.765113138506258,8.75873683629383
2.625,0.721867752639161,8.34195788309963
2.64,0.679213008572075,7.93047174139852
2.655,0.637173126446968,7.52408012721812
2.67,0.595772105610372,7.12270352988502
2.685,0.555043079377216,6.72616603692059
2.7,0.515025671723519,6.33440107165422
2.715,0.475775731687083,5.94727883678514
2.73,0.437365981713495,5.56477464476506
2.745,0.399898448573004,5.18682932270159
2.76,0.363511450293173,4.81347723038815
2.775,0.328399549441384,4.44473866990951
2.79,0.294834193730805,4.0807193048785
2.805,0.263201933127753,3.72152648814665
2.82,0.234051076133555,3.3673394012688
2.835,0.208154623749053,3.0183490776985
2.85,0.186556549876204,2.67480989623686
2.865,0.170537483256028,2.33699899070242
2.88,0.161367619900015,2.00525497898092
2.895,0.159808238572533,1.67996782358069
2.91,0.165648996129798,1.36164284301309
2.925,0.177748731465813,1.05100729984516
2.94,0.194549369812455,0.749437098126574
2.955,0.2145780829399,0.460895577821484
2.97,0.23666792903169,0.209099062018592
2.985,0.259967435087614,0.204881713178812
3,0.283873631519015,0.439690683385467
3.015,0.307960376455524,0.695509211125954
3.03,0.331926318454361,0.948459164796162
3.045,0.355579806847138,1.19508249642254
3.06,0.378801543480176,1.43445228896105
3.075,0.401506118054814,1.66628166259292
3.09,0.423633326595961,1.89048398221277
3.105,0.445139346294807,2.10703916993052
3.12,0.465990737171241,2.31594215051528
3.135,0.486160323232064,2.51718010632682
3.15,0.505624382268267,2.71072195145286
3.165,0.524360769226776,2.89651390383841
3.18,0.542347720364912,3.07447854718118
3.195,0.559563161616015,3.24451610513963
3.21,0.575984392951888,3.40650720557017
3.225,0.591588052042497,3.56031666524131
3.24,0.606350281817813,3.70579795213625
3.255,0.620247041631788,3.84279805419517
3.27,0.633254513024225,3.97116253053536
3.285,0.64534956001213,4.09074055720472
3.3,0.656510211261663,4.20138981026126
3.315,0.666716137873761,4.30298105688506
3.33,0.675949106119036,4.3954023511797
3.345,0.684193389409887,4.47856275545682
3.36,0.691436128158585,4.55239552998956
3.375,0.697667629964677,4.61686075427686
3.39,0.702881605818058,4.67194736063579
3.405,0.707075340712901,4.71767457637418
3.42,0.710249799268611,4.75409278393261
3.435,0.71240966868505,4.78128381934965
3.45,0.713563342668595,4.79936073839039
3.465,0.713722850909152,4.80846708692071
3.48,0.712903739326397,4.80877571785726
3.495,0.711124906697029,4.80048720151791
3.51,0.70840840348146,4.78382787965398
3.525,0.7047791987399,4.75904761604026
3.54,0.700264921007919,4.72641729835918
3.555,0.694895578924384,4.68622614732062
3.57,0.688703267294495,4.63877888954284
3.585,0.681721864142134,4.58439285067677
3.6,0.673986724165083,4.52339502455256
3.615,0.665534373852848,4.45611917271432
3.63,0.656402213353811,4.38290300653437
3.645,0.646628229976808,4.30408550111936
3.66,0.636250727971523,4.22000438641441
3.675,0.625308078942433,4.13099385628733
3.69,0.613838496904863,4.03738253097383
3.705,0.601879841585036,3.93949170217388
3.72,0.589469453099439,3.83763388342813
3.735,0.576644020627582,3.73211168134019
3.75,0.563439487127216,3.62321699593819
3.765,0.549890991547342,3.51123055122119
3.78,0.536032849391773,3.39642174996163
3.795,0.521898571897455,3.27904884041327
3.81,0.50752092354281,3.15935937699402
3.825,0.492932017118456,3.03759095259578
3.84,0.478163445202336,2.91397217726356
3.855,0.463246446608171,2.78872387699666
3.87,0.44821210624164,2.66206048785874
3.885,0.433091586818212,2.53419162513487
3.9,0.417916391077485,2.4053238159391
3.915,0.402718653465196,2.27566239800167
3.93,0.387531460721183,2.14541360983061
3.945,0.372389201355777,2.01478693218019
3.96,0.35732794452108,1.88399779482164
3.975,0.342385849123801,1.75327084837907
3.99,0.327603603919148,1.62284414074883
4.005,0.313024898358974,1.49297477267091
4.02,0.298696921516259,1.36394701635876
4.035,0.284670881550594,1.2360846210915
4.05,0.271002529613236,1.10977042149944
4.065,0.257752658081231,0.985479093346936
4.08,0.244987521463699,0.863834485301011
4.095,0.232779097152587,0.74571484621706
4.11,0.221205061274355,0.632455302310667
4.125,0.210348304037554,0.526253121153225
4.14,0.200295757171875,0.430983282205602
4.155,0.191136271886746,0.353655363844944
4.17,0.182957301829854,0.305648469784001
4.185,0.175840256014472,0.298580614230741
4.2,0.169854631533903,0.332396203336686
4.215,0.16505141623478,0.39439136298267
4.23,0.161456686818849,0.471528529330639
4.245,0.159066640784689,0.555707333423603
4.26,0.157845277415566,0.64252709004821
4.275,0.157725471659431,0.729571875901187
4.29,0.158613380395208,0.815438805861739
4.305,0.160395306039425,0.899259456977326
4.32,0.162945659171771,0.980463830787467
4.335,0.166134658689097,1.05865917846206
4.35,0.169834783353935,1.13356467006928
4.365,0.1739255060267,1.20497440757134
4.38,0.178296290439865,1.27273548540074
4.395,0.182848109495667,1.33673438278715
4.41,0.18749385497569,1.396888146993
4.425,0.192158003280001,1.45313842572962
4.44,0.196775838284478,1.5054472463432
4.455,0.201292452734429,1.55379389700399
4.47,0.205661676795655,1.59817252342391
4.485,0.20984502528847,1.63859020493763
4.5,0.213810714527098,1.67506536360376
4.515,0.217532772891953,1.70762641484803
4.53,0.220990252730982,1.73631060224681
4.545,0.224166541709023,1.76116298043251
4.56,0.227048766811238,1.78223552354788
4.575,0.229627282090633,1.79958634505284
4.59,0.231895230749332,1.81327901977298
4.605,0.23384817250687,1.82338200200302
4.62,0.235483767977867,1.82996813497551
4.635,0.236801512690025,1.83311424757343
4.65,0.237802514276642,1.83290083413906
4.665,0.238489307204321,1.82941181285498
4.68,0.238865700118408,1.8227343576166
4.695,0.238936651501884,1.81295879770863
4.71,0.238708169856365,1.80017857903459
4.725,0.23818723504046,1.7844902802026
4.74,0.237381737756269,1.76599367649544
4.755,0.236300434473795,1.74479184469017
4.77,0.2349529153382,1.72099130187254
4.785,0.233349582826324,1.69470217183676
4.8,0.231501639114277,1.66603837338722
4.815,0.229421080292425,1.63511782587799
4.83,0.227120695720105,1.6020626686464
4.845,0.224614070950439,1.5669994926268
4.86,0.221915592773693,1.53005958437748
4.875,0.21904045502218,1.49137918502569
4.89,0.216004663845199,1.45109976924329
4.905,0.212825041192304,1.40936835231753
4.92,0.209519225229516,1.36633783668124
4.935,0.20610566634786,1.32216741290543
4.95,0.202603617299402,1.27702303409121
4.965,0.199033115807003,1.23107798672288
4.98,0.195414957738414,1.18451358513622
4.995,0.191770658617156,1.13752002038735
5.01,0.188122400875515,1.09029583856638
5.025,0.184474057352566,1.04315099520747
5.04,0.180788870862281,0.996485838499758
5.055,0.177029714936026,0.950478089014269
5.07,0.173160767058713,0.905330118175933
5.085,0.169159004096819,0.861259848108857
5.1,0.165015702751766,0.818507161456447
5.115,0.160736797404657,0.777339739841717
5.13,0.156342515959969,0.738057328475393
5.145,0.151866348667768,0.70099354410118
5.16,0.147353423825514,0.666514058268745
5.175,0.142858376067578,0.635009707322055
5.19,0.138442797817732,0.606882974393018
5.205,0.13417236740887,0.5825266483765
5.22,0.1301137537703,0.562294643093919
5.235,0.126331412521536,0.546467149386998
5.25,0.1228844144592,0.535215150809109
5.265,0.119823482223731,0.528571708023974
5.28,0.117188444310838,0.526417662483643
5.295,0.115006330336064,0.528486499458974
5.31,0.113290308300424,0.534387808744041
5.325,0.112039591739857,0.543643551102369
5.34,0.111240327445713,0.555728676880327
5.355,0.110867338459612,0.570108334964664
5.37,0.11088647982446,0.586266824924965
5.385,0.111257299362139,0.603726752390635
5.4,0.111935696647973,0.622059264657308
5.415,0.112876330957243,0.640887418372965
5.43,0.114034617895312,0.659884932800435
5.445,0.115368246455618,0.678772254210995
5.46,0.116838222882967,0.69731135400378
5.475,0.118409496134785,0.715300204480511
5.49,0.120051242902939,0.732567499312685
5.505,0.121736894404708,0.74896791981717
5.52,0.123443980024362,0.764378074284587
5.535,0.125153850672245,0.778693130796649
5.55,0.126851331567572,0.791824102437623
5.565,0.128524342193549,0.80369571140411
5.58,0.130163511160443,0.8142447442934
5.595,0.13176180559922,0.823418807759818
5.61,0.133314188143117,0.831175397373292
5.625,0.134817309169981,0.837481200169285
5.64,0.136269237527247,0.842311561324946
5.655,0.137669229341845,0.845650056499896
5.67,0.139017531733435,0.847488122845371
5.685,0.140315216350541,0.847824712919915
5.7,0.141564036667994,0.846665946292829
5.715,0.142766302893173,0.844024743112972
5.73,0.143924769019563,0.839920432107497
5.745,0.14504252785325,0.834378332181625
5.76,0.146122911478669,0.827429311934489
5.775,0.147169396358497,0.819109334991747
5.79,0.14818551382573,0.809459001165389
5.805,0.149174767916041,0.798523094234876
5.82,0.1501405631675,0.78635014680448
5.835,0.151086145126829,0.772992031468688
5.85,0.152014555872795,0.758503585669965
5.865,0.152928605995295,0.742942275422995
5.88,0.153830863300798,0.726367900755676
5.895,0.15472365722507,0.708842343504528
5.91,0.155609096696468,0.690429356190503
5.925,0.156489098159761,0.671194389239945
5.94,0.157365419754449,0.65120445291162
5.955,0.158239697308277,0.630528010010647
5.97,0.159113477871347,0.609234895842949
5.985,0.159988246949942,0.587396262892129
6,0.160865446337308,0.565084549368432
6.015,0.161746419227672,0.542376676146535
6.03,0.162631545800741,0.519490446022227
6.045,0.163523091176346,0.496560296114524
6.06,0.164421801463269,0.473621275871696
6.075,0.165326761769817,0.450719140375189
6.09,0.166237574975058,0.427900337309996
6.105,0.167154378286355,0.405214002538577
6.12,0.168077836994329,0.382714142003783
6.135,0.169009089874183,0.360462034859416
6.15,0.169949652595469,0.338528913541295
6.165,0.170901287402695,0.316998997957119
6.18,0.171865848497161,0.295972974290391
6.195,0.172845113094136,0.275571997541477
6.21,0.173840608134958,0.255942227019336
6.225,0.174853442183421,0.237259711472041
6.24,0.175884151205094,0.219735016509809
6.255,0.176932565786373,0.203616179181752
6.27,0.177997705962418,0.189187259994109
6.285,0.179077708253777,0.17675810508619
6.3,0.180169787826824,0.166639921902463
6.315,0.181270236963312,0.159103232168463
6.33,0.182374459323475,0.154322385461908
6.345,0.183477037890248,0.152322999083549
6.36,0.18457183306145,0.152956265381822
6.375,0.18565210617509,0.155915593808324
6.39,0.186710662859524,0.16078893938761
6.405,0.187740010025723,0.167123015515432
6.42,0.188732520073721,0.174476536434799
6.435,0.189680595959125,0.182452561618498
6.45,0.190576831129747,0.190711746945497
6.465,0.191414158953372,0.198973102282713
6.48,0.1921859870618,0.207008500017558
6.495,0.192886312974802,0.214635053803553
6.51,0.193509818380937,0.221707527044451
6.525,0.194051940484288,0.228111663794566
6.54,0.194508919827072,0.233758663979412
6.555,0.194877824926014,0.23858072665277
6.57,0.195156554882721,0.242527483317026
6.585,0.195343821821696,0.245563132220507
6.6,0.195439115559682,0.2476641087346
6.615,0.195442653310604,0.248817160471587
6.63,0.19535531748219,0.249017727907531
6.645,0.195178584730449,0.248268558241189
6.66,0.194914449417997,0.246578501460534
6.675,0.194565344487138,0.243961453688242
6.69,0.194134062526378,0.240435424749347
6.705,0.193623679498909,0.236021715450424
6.72,0.193037483233708,0.230744196062649
6.735,0.19237890837385,0.224628681611996
6.75,0.19165147905164,0.217702402345595
6.765,0.19085876013358,0.209993569650924
6.78,0.190004317465917,0.201531039239877
6.795,0.18909168716686,0.1923440751428
6.81,0.188124353665707,0.182462220787245
6.825,0.187105735890364,0.17191528846905
6.84,0.186039180759159,0.160733488253929
6.855,0.184927962943565,0.148947736560482
6.87,0.183775289736717,0.136590223636226
6.885,0.182584309787172,0.123695401463678
6.9,0.181358124435393,0.110301737902591
6.915,0.180099800417571,0.0964550275726804
6.93,0.1788123827719,0.0822152309667778
6.945,0.17749890689005,0.0676723546431426
6.96,0.176162408794227,0.0529892941905189
6.975,0.174805932880676,0.0385426193431913
6.99,0.173432536546621,0.0255135124901796
7.005,0.172045291302262,0.0184171111043212
7.02,0.170647280156005,0.0241176232134561
7.035,0.169241591243354,0.0374903128402729
7.05,0.167831307842135,0.0532286479414321
7.065,0.166419495074203,0.0698737425093762
7.08,0.165009183731959,0.0869741747269364
7.095,0.163603351783644,0.104334465476728
7.11,0.162204904201519,0.121842032592529
7.125,0.160816651819932,0.139416645297974
7.14,0.1594412899648,0.156992472341042
7.155,0.158081377601997,0.17451077617917
7.17,0.156739317730362,0.191916673044033
7.185,0.155417339697137,0.209157643746188
7.2,0.154117484042114,0.226182871798111
7.215,0.152841590385114,0.242943000922661
7.23,0.151591288763623,0.259390115327061
7.245,0.150367994708264,0.275477840304103
7.26,0.149172908218339,0.291161505828327
7.275,0.148007016673219,0.306398338879493
7.29,0.146871101593035,0.321147662799809
7.305,0.145765749048826,0.335371089323651
7.32,0.144691363422142,0.349032693517329
7.335,0.14364818413062,0.362099164982954
7.35,0.142636304871529,0.374539930958816
7.365,0.141655694891149,0.386327248728095
7.38,0.140706221764203,0.397436266209004
7.395,0.139787675163561,0.407845050837924
7.41,0.138899791114176,0.417534587922011
7.425,0.138042276254101,0.426488750553308
7.44,0.137214831666074,0.434694243952465
7.455,0.13641717589214,0.442140527750528
7.47,0.135649066797241,0.448819720222517
7.485,0.134910322002157,0.454726488856922
7.5,0.1342008376584,0.459857931882279
7.515,0.133520605384833,0.464213455478786
7.53,0.132869727225902,0.467794651385244
7.545,0.13224842852295,0.47060517947758
7.56,0.131657068612511,0.472650659655558
7.575,0.131096149278829,0.473938577041926
7.59,0.13056632089289,0.474478204088414
7.605,0.130068386168397,0.474280542712094
7.62,0.129603301458368,0.473358289071419
7.635,0.129172175506716,0.471725823052059
7.65,0.12877626556,0.469399223986043
7.665,0.128416970738471,0.466396313590918
7.68,0.128095822565333,0.462736726603059
7.695,0.127814472561655,0.458442009102875
7.71,0.127574676834007,0.453535744096261
7.725,0.127378277614582,0.448043703527164
7.74,0.127227181760546,0.441994025542779
7.755,0.127123336281075,0.435417415496639
7.77,0.127068701036292,0.428347368821876
7.785,0.127065218840447,0.420820413483659
7.8,0.127114783299153,0.412876369147924
7.815,0.127219204813314,0.404558619372373
7.83,0.127380175285302,0.395914391886077
7.845,0.127599232160089,0.386995040180062
7.86,0.127877722518987,0.37785631693845
7.875,0.128216768009888,0.368558626007184
7.89,0.12861723143956,0.359167234309595
7.905,0.129079685865592,0.349752418081767
7.92,0.129604387004608,0.340389508840421
7.935,0.130191249717901,0.33115879371644
7.95,0.130839829246277,0.322145212822627
7.965,0.131549307745715,0.313437784677611
7.98,0.13231848652949,0.305128682132165
7.995,0.133145784257607,0.297311880033355
8.01,0.134029241138891,0.29008130778394
8.025,0.134966529033794,0.283528471430982
8.04,0.135954967175615,0.277739566043813
8.055,0.136991543072459,0.272792180447335
8.07,0.138072938018784,0.268751795030287
8.085,0.139195556538826,0.265668370673125
8.1,0.140355559007846,0.263573394857638
8.115,0.141548896652233,0.262477760006392
8.13,0.142771348115539,0.2623707800678
8.145,0.144018556792267,0.263220508029727
8.16,0.145286068171438,0.264975329622531
8.175,0.146569366493352,0.267566624747628
8.19,0.147863910100805,0.27091215504811
8.205,0.149165164955694,0.274919781387206
8.22,0.150468635888559,0.279491139466058
8.235,0.151769895248134,0.284524983534314
8.25,0.153064608716528,0.289920015457909
8.265,0.154348558150154,0.295577120617676
8.28,0.155617661394461,0.301401014915649
8.295,0.156867989099995,0.307301361759015
8.31,0.158095778636949,0.313193446023182
8.325,0.159297445264443,0.318998499828063
8.34,0.160469590758739,0.324643769674832
8.355,0.161609009741558,0.330062402284888
8.37,0.162712693975808,0.335193211827318
8.385,0.163777834911852,0.339980376876655
8.4,0.164801824773662,0.344373102832227
8.415,0.16578225647161,0.348325275178519
8.43,0.166716922618204,0.351795120870154
8.445,0.167603813905737,0.3547448890217
8.46,0.168441117081743,0.357140557613893
8.475,0.169227212730274,0.358951569735033
8.49,0.169960673035607,0.360150600644098
8.505,0.170640259670985,0.36071335541287
8.52,0.171264921919526,0.360618395879373
8.535,0.171833795098532,0.359846994975589
8.55,0.172346199322987,0.358383016071883
8.565,0.172801638610023,0.356212814733554
8.58,0.173199800294266,0.353325160160499
8.595,0.173540554695056,0.349711173544956
8.61,0.17382395495111,0.345364280613616
8.625,0.174050236916755,0.340280175706047
8.64,0.174219818996832,0.334456794875186
8.655,0.174333301784938,0.327894295675705
8.67,0.174391467362032,0.320595041534963
8.685,0.174395278109542,0.312563588885487
8.7,0.174345874892897,0.303806675590275
8.715,0.174244574477686,0.294333209633696
8.73,0.174092866051025,0.284154257617249
8.745,0.173892406734913,0.273283033350807
8.76,0.173645015995784,0.261734887869228
8.775,0.173352668874744,0.249527303710677
8.79,0.173017487985343,0.236679898587534
8.805,0.172641734249841,0.22321444725376
8.82,0.172227796369859,0.209154936546246
8.835,0.171778179052804,0.194527679471586
8.85,0.171295490040605,0.179361534414043
8.865,0.170782426011765,0.163688315058607
8.88,0.170241757450958,0.147543558632904
8.895,0.169676312601783,0.130968002295487
8.91,0.169088960637682,0.114010556677675
8.925,0.168482594202824,0.0967347346404722
8.94,0.167860111488915,0.079234018981489
8.955,0.167224398025062,0.0616741457773925
8.97,0.166578308365947,0.0444349942793663
8.985,0.165924647868615,0.0287338834222679
9,0.165266154750076,0.0196884373723016
9.015,0.164605563599025,0.0261873381074245
9.03,0.16394697454943,0.0417419458338625
9.045,0.163293219918614,0.0597736406305864
9.06,0.162648697095947,0.0786224290843025
9.075,0.162018893542265,0.0977876945970778
9.09,0.161408096447033,0.117047528903789
9.105,0.160819377654622,0.136270588199055
9.12,0.160254604833798,0.155363232032378
9.135,0.159714506043424,0.174251304747293
9.15,0.159198779168551,0.192872905610185
9.165,0.158706236078595,0.211175204044806
9.18,0.15823497076575,0.22911289293215
9.195,0.157782540795888,0.246647335112107
9.21,0.157346152028004,0.263745996855129
9.225,0.156922837611731,0.280381983026434
9.24,0.156509623634367,0.296533587763229
9.255,0.15610367534132,0.312183822385437
9.27,0.155702419489778,0.32731990687157
9.285,0.155303640023304,0.341932724452053
9.3,0.1549055458007,0.356016246126385
9.315,0.15450681051927,0.369566935826536
9.33,0.154106586199669,0.382583148878614
9.345,0.153704492620069,0.39506453709584
9.36,0.153300585886295,0.407011473696328
9.375,0.152895309896958,0.41842451054263
9.39,0.152489434811922,0.429303879118437
9.405,0.152083986769733,0.439649045308871
9.42,0.151680173042157,0.449458326518332
9.435,0.151279306584555,0.458728578005571
9.45,0.150882733566546,0.467454953586647
9.465,0.150491766978635,0.475630744089679
9.48,0.150107628839252,0.483247295171553
9.495,0.14973140290549,0.490294004352908
9.51,0.149363999151087,0.496758395418856
9.525,0.14900613064574,0.502626266693567
9.54,0.148658302876006,0.507881908151951
9.555,0.148320815010545,0.512508380906863
9.57,0.147993772147178,0.516487851331587
9.585,0.147677107196775,0.519801970970801
9.6,0.147370610765224,0.522432292484312
9.615,0.147073967190974,0.52436071117942
9.63,0.146786794779517,0.525569921240408
9.645,0.146508688242499,0.526043875572767
9.66,0.146239261390503,0.525768238255987
9.675,0.145978188236212,0.524730818945854
9.69,0.145725240829265,0.522921979182184
9.705,0.145480322355988,0.520335001430317
9.72,0.145243494286682,0.516966412796748
9.735,0.145014996630952,0.512816256686037
9.75,0.144795260658486,0.507888307176893
9.765,0.144584913749752,0.502190222553905
9.78,0.144384776349364,0.495733636198259
9.795,0.144195851295452,0.488534184874429
9.81,0.144019306082126,0.48061147630874
9.825,0.143856448870125,0.471988999800709
9.84,0.143708699283978,0.46269398540393
9.855,0.14357755521414,0.45275721893191
9.87,0.143464556972017,0.44221282166607
9.885,0.14337125021854,0.43109800516034
9.9,0.143299149098854,0.419452812955105
9.915,0.143249700965278,0.407319862354921
9.93,0.143224253959403,0.394744100730728
9.945,0.143224028556711,0.381772592140308
9.96,0.143250093961425,0.368454351506346
9.975,0.143303349986303,0.354840245258749
9.99,0.143384514775152,0.340982979366857
10.005,0.143494118439875,0.326937198198234
10.02,0.143632502404362,0.312759720769519
10.035,0.143799823989543,0.298509944756761
10.05,0.143996065550827,0.284250452981731
10.065,0.144221047301849,0.270047861461785
10.08,0.144474442834755,0.255973951174406
10.095,0.144755796281161,0.242107124583285
10.11,0.145064540049973,0.228534217070891
10.125,0.145400012125356,0.215352662380476
10.14,0.14576147200432,0.202672942294058
10.155,0.146148114490268,0.190621116566473
10.17,0.146559080726572,0.179340993337853
10.185,0.146993466042012,0.16899513084434
10.2,0.147450324377068,0.159763371508633
10.215,0.147928669256246,0.151837144148375
10.23,0.148427471457746,0.145407718741384
10.245,0.148945653699974,0.140647603402777
10.26,0.149482082808433,0.137686848071308
10.275,0.15003555994184,0.136589640916845
10.29,0.150604809539972,0.137339022893299
10.305,0.151188467706386,0.139836057493208
10.32,0.151785070756881,0.143914149707546
10.335,0.152393044650694,0.149362985572334
10.35,0.153010695978446,0.155953964806145
10.365,0.153636205112082,0.163460831728777
10.38,0.154267622031663,0.171672992088151
10.395,0.154902865236353,0.180402061997422
10.41,0.155539724027461,0.18948356749476
10.425,0.156175864324875,0.198775794211273
10.44,0.156808838049937,0.208157298823897
10.455,0.157436095982449,0.217524029463179
10.47,0.158055003881748,0.226786563192544
10.485,0.158662861555414,0.235867685896869
10.5,0.15925692446759,0.244700379861448
10.515,0.159834427404635,0.253226204029558
10.53,0.160392609660556,0.26139401782639
10.545,0.160928741169397,0.269158989736133
10.56,0.161440148996583,0.276481833789053
10.575,0.161924243605438,0.283328223872238
10.59,0.162378544337546,0.289668343856991
10.605,0.162800703584326,0.295476539345504
10.62,0.163188529179893,0.300731043755395
10.635,0.163540004609373,0.305413757328457
10.65,0.16385330669944,0.309510062522718
10.665,0.164126820536108,0.313008663253764
10.68,0.16435915143584,0.315901438735832
10.695,0.164549133877088,0.318183305366983
10.71,0.164695837377935,0.319852082316586
10.725,0.164798569379341,0.320908358297171
10.74,0.164856875260578,0.321355358507392
10.755,0.164870535672371,0.321198811974557
10.77,0.164839561422682,0.320446820548963
10.785,0.164764186189245,0.31910973164489
10.8,0.164644857361515,0.317200017516353
10.815,0.164482225332372,0.31473216442792
10.83,0.164277131567168,0.311722575559017
10.845,0.164030595774945,0.308189491890548
10.86,0.163743802494701,0.304152935692117
10.875,0.163418087389496,0.299634681583777
10.89,0.163054923514153,0.294658260514928
10.905,0.162655907789558,0.289249002410108
10.92,0.162222747879604,0.283434123697207
10.935,0.161757249626946,0.277242866467826
10.95,0.161261305162501,0.270706696611278
10.965,0.160736881762234,0.263859568865506
10.98,0.160186011484696,0.256738267228938
10.995,0.159610781585045,0.249382829360651
11.01,0.1590133256671,0.241837063076163
11.025,0.158395815505101,0.234149161171123
11.04,0.157760453442193,0.22637241652566
11.055,0.157109465253654,0.218566031140971
11.07,0.15644509335004,0.210795998075205
11.085,0.155769590188878,0.203136010974732
11.1,0.155085211763379,0.195668318186207
11.115,0.154394211042679,0.188484383671611
11.13,0.153698831250003,0.181685144022308
11.145,0.153001298882479,0.17538056560888
11.16,0.152303816398247,0.169688127993613
11.175,0.15160855452243,0.164729830226793
11.19,0.150917644152314,0.160627399528511
11.205,0.150233167872757,0.157495647170771
11.22,0.149557151124256,0.155434393014732
11.235,0.148891553097038,0.154519986794279
11.25,0.148238257453771,0.154797960191672
11.265,0.147599063009866,0.156278439248464
11.28,0.146975674522745,0.158935441124917
11.295,0.146369693758812,0.162710196203656
11.31,0.145782611018486,0.167517598880895
11.325,0.145215797304795,0.173254254282192
11.34,0.144670497319401,0.179806548964057
11.355,0.144147823461362,0.187057597185286
11.37,0.143648750988719,0.194892503065205
11.385,0.143174114481503,0.20320188113713
11.4,0.142724605717881,0.211883883533263
11.415,0.142300773043746,0.220845100888804
11.43,0.141903022281517,0.230000698863636
11.445,0.14153161918738,0.239274087448561
11.46,0.141186693429294,0.248596340372188
11.475,0.140868244022079,0.257905510010123
11.49,0.140576146122231,0.26714592744289
11.505,0.140310159054966,0.276267537993146
11.52,0.140069935420339,0.285225296767131
11.535,0.139855031104974,0.293978632842613
11.55,0.139664916011395,0.302490981637073
11.565,0.139498985308395,0.310729380256201
11.58,0.139356571003312,0.31866411857778
11.595,0.139236953640093,0.326268438348888
11.61,0.139139373935195,0.333518272949974
11.625,0.139063044175856,0.340392021268313
11.64,0.139007159221412,0.346870350065696
11.655,0.13897090696706,0.35293602017401
11.67,0.138953478150006,0.358573732730275
11.685,0.138954075399313,0.363769992433844
11.7,0.138971921452191,0.36851298546082
11.715,0.139006266480238,0.372792470205791
11.73,0.139056394488611,0.376599679447152
11.745,0.139121628768862,0.379927232860973
11.76,0.139201336401845,0.382769059052573
11.775,0.139294931820547,0.385120326447201
11.79,0.139401879453785,0.386977382493691
11.805,0.139521695480615,0.388337700698832
11.82,0.139653948731991,0.389199835035777
11.835,0.139798260781131,0.389563381266266
11.85,0.13995430526729,0.389428944692096
11.865,0.140121806499605,0.388798113813369
11.88,0.140300537388757,0.387673439326114
11.895,0.140490316754561,0.386058417845357
11.91,0.140691006057722,0.383957479696414
11.925,0.140902505604039,0.381375980081091
11.94,0.1411247502696,0.378320192899622
11.955,0.141357704796106,0.374797306496313
11.97,0.141601358706527,0.370815420598562
11.985,0.141855720892914,0.366383543736602
12,0.142120813930231,0.361511590465546
12.015,0.142396739375992,0.356208588378558
12.03,0.142685605414659,0.350410388734237
12.045,0.142991725372774,0.344092985309392
12.06,0.143318540414774,0.337285826726702
12.075,0.143668425538082,0.330016048393177
12.09,0.144042912830823,0.322313991992745
12.105,0.144442621864599,0.314212706166967
12.12,0.144867240704574,0.305747417084111
12.135,0.145315549870976,0.296954985513147
12.15,0.145785485567141,0.287873367011994
12.165,0.146274237175429,0.27854109072761
12.18,0.146778372848584,0.26899677085815
12.195,0.147293986123929,0.259278663154991
12.21,0.14781685591841,0.249424277057659
12.225,0.148342612060413,0.239470052268365
12.24,0.148866898691496,0.229451106893714
12.255,0.149385528412358,0.21940106281428
12.27,0.149894620911222,0.209351952792221
12.285,0.150390720936045,0.199334213098384
12.3,0.150870891776288,0.189376765245118
12.315,0.151332781820002,0.17950719087127
12.33,0.151774663162832,0.169752005077806
12.345,0.152195442589712,0.16013703570197
12.36,0.152594646462191,0.150687919281583
12.375,0.15297238207436,0.141430728867957
12.39,0.153329278854674,0.132392754260358
12.405,0.153666413372165,0.123603461014653
12.42,0.153985222450925,0.115095658950635
12.435,0.154287408816353,0.106906909720392
12.45,0.154574843610441,0.0990811875821187
12.465,0.15484946984879,0.0916707608356842
12.48,0.155113210481321,0.0847381532223417
12.495,0.15536788419644,0.0783578288317331
12.51,0.155615131510017,0.0726168700339714
12.525,0.155856353039759,0.0676133852323768
12.54,0.156092661214138,0.0634508805140916
12.555,0.156324846030772,0.060226933934758
12.57,0.156553354886168,0.0580161579151807
12.585,0.156778285966355,0.0568510334480367
12.6,0.156999394230899,0.0567079575511464
12.615,0.157216108651203,0.0575057893051871
12.63,0.157427559083356,0.0591184176880976
12.645,0.157632610967478,0.0613955422869799
12.66,0.157829905946979,0.064183138434673
12.675,0.158017906486676,0.0673379629482649
12.69,0.158194942629648,0.0707349866489351
12.705,0.158359259158404,0.0742694335474598
12.72,0.158509061604193,0.0778557223850708
12.735,0.158642559766008,0.0814250891986845
12.75,0.158758007644857,0.0849229411294004
12.765,0.158853738956242,0.0883064394466204
12.78,0.15892819764257,0.0915424845300244
12.795,0.158979963056675,0.0946061147588839
12.81,0.15900776971877,0.0974792656254996
12.825,0.15901052175466,0.100149817444286
12.84,0.15898730229778,0.102610862921225
12.855,0.15893737827809,0.104860136095597
12.87,0.158860201125762,0.106899555662124
12.885,0.158755403987032,0.108734846017118
12.9,0.158622796085324,0.110375207844807
12.915,0.158462354865741,0.111833016687606
12.93,0.158274216539104,0.113123533007263
12.945,0.158058665597431,0.114264611089215
12.96,0.157816123811064,0.115276397108766
12.975,0.157547139143514,0.116181009073008
12.99,0.157252374938492,0.117002193450356
13.005,0.156932599649108,0.117764955336409
13.02,0.156588677295993,0.11849516117211
13.035,0.156221558762661,0.119219115457962
13.05,0.155832273965673,0.119963115642933
13.065,0.155421924876257,0.120752992347971
13.08,0.154991679320402,0.121613645127429
13.095,0.154542765446787,0.122568586771963
13.11,0.154076466726465,0.123639511318249
13.125,0.153594117334332,0.124845902032276
13.14,0.153097097759305,0.126204695315332
13.155,0.152586830496365,0.127730014548369
13.17,0.15206477568767,0.129432984384704
13.185,0.151532426600026,0.131321631238043
13.2,0.150991304850288,0.133400870244445
13.215,0.15044295531701,0.135672573494158
13.23,0.149888940704213,0.138135709526031
13.245,0.149330835749939,0.140786540513337
13.26,0.148770221097196,0.143618861571878
13.275,0.148208676866859,0.146624266245693
13.29,0.14764777599049,0.14979242328486
13.305,0.147089077375382,0.15311135196618
13.32,0.14653411898429,0.156567685986719
13.335,0.145984410918364,0.160146918958221
13.35,0.145441428593996,0.163833627396503
13.365,0.14490660610309,0.167611669588141
13.38,0.144381329842124,0.171464360690757
13.395,0.143866932488959,0.175374625841011
13.41,0.143364687398218,0.179325133934215
13.425,0.142875803476766,0.183298415173134
13.44,0.142401420590986,0.187276965553831
13.455,0.141942605547513,0.191243341259662
13.47,0.14150034867929,0.195180245560046
13.485,0.14107556105954,0.199070610334043
13.5,0.140669072357574,0.202897673820544
13.515,0.140281629342509,0.206645055682528
13.53,0.139913895033876,0.210296829994164
13.545,0.139566448491708,0.213837596337837
13.56,0.139239785233021,0.217252548845413
13.575,0.138934318256407,0.220527542740036
13.59,0.13865037965171,0.223649157732025
13.605,0.138388222767331,0.2266047574923
13.62,0.138148024903448,0.229382544363904
13.635,0.13792989049534,0.231971608469747
13.65,0.13773385474697,0.23436197042492
13.665,0.137559887670994,0.236544616956073
13.68,0.137407898487438,0.238511528860001
13.695,0.137277740329439,0.240255700889771
13.71,0.137169215200785,0.241771153331029
13.725,0.137082079126461,0.243052935215398
13.74,0.137016047434302,0.244097119304398
13.755,0.136970800103049,0.244900789159187
13.77,0.136945987109924,0.245462018782243
13.785,0.136941233709204,0.245779845471504
13.8,0.136956145572496,0.245854236660892
13.815,0.136990313721405,0.245686051629876
13.83,0.137043319184349,0.245276999046195
13.845,0.137114737311347,0.244629591358339
13.86,0.137204141683865,0.243747097077136
13.875,0.137311107561278,0.242633491978997
13.89,0.137435214811204,0.241293410228134
13.905,0.137576050277942,0.239732096353106
13.92,0.137733209551401,0.237955358926967
13.935,0.137906298108255,0.235969526693175
13.95,0.138094931807344,0.233781407754738
13.965,0.138298736732609,0.231398252305799
13.98,0.138517348388699,0.228827719237047
13.995,0.138750410266746,0.226077846793062
14.01,0.138997571810299,0.223157027305173
14.025,0.139258485823878,0.220073985871381
14.04,0.139532805378573,0.216837762709133
14.055,0.139820180280505,0.213457698770353
14.07,0.140120253178203,0.209943424083939
14.085,0.140432655394029,0.206304848181221
14.1,0.140757002572201,0.202552151866276
14.115,0.141092890241615,0.19869577951671
14.13,0.141439889395346,0.194746431042186
14.145,0.141797542190229,0.190715052587739
14.16,0.142165357869226,0.186612825046554
14.175,0.142542809006331,0.18245114944204
14.19,0.142929328168594,0.178241628251079
14.205,0.143324305082517,0.173996041769078
14.22,0.14372708438274,0.169726318662804
14.235,0.144136964009855,0.165444499919937
14.25,0.14455319431149,0.161162695486381
14.265,0.14497497788693,0.156893032986899
14.28,0.145401470200691,0.152647598056164
14.295,0.145831780975093,0.148438365972124
14.31,0.146264976356301,0.144277124489632
14.325,0.14670008183289,0.140175388028721
14.34,0.147136085871194,0.13614430368828
14.355,0.147571944217735,0.132194549940812
14.37,0.148006584806399,0.128336229323183
14.385,0.148438913196803,0.124578756971951
14.4,0.148867818460995,0.120930747451443
14.415,0.149292179428149,0.11739990296784
14.43,0.149710871191649,0.113992906718058
14.445,0.150122771779802,0.110715325736848
14.46,0.150526768890513,0.107571528113062
14.475,0.15092176659145,0.104564619769117
14.49,0.151306691890529,0.101696406056734
14.505,0.151680501086738,0.0989673831464472
14.52,0.152042185818198,0.0963767635314425
14.535,0.152390778732762,0.0939225389184446
14.55,0.152725358716036,0.0916015823778916
14.565,0.153045055622224,0.0894097899609999
14.58,0.153349054464385,0.0873422601942673
14.595,0.153636599032176,0.0853935080901232
14.61,0.153906994916711,0.0835577087239424
14.625,0.154159611933504,0.0818289641528665
14.64,0.15439388594528,0.0802015865679331
14.655,0.154609320096577,0.0786703900851115
14.67,0.154805485481268,0.0772309834259617
14.685,0.154982021272239,0.0758800557825258
14.7,0.15513863434944,0.0746156482271122
14.715,0.155275098468099,0.0734374029246664
14.73,0.155391253013257,0.0723467819637472
14.745,0.155487001389708,0.0713472467347831
14.76,0.155562309098077,0.0704443874525984
14.775,0.15561720154817,0.0696459908032413
14.79,0.155651761659926,0.068962032156981
14.805,0.155666127300473,0.0684045779298931
14.82,0.155660488603015,0.0679875843177684
14.835,0.15563508520975,0.0677265817152658
14.85,0.15559020347685,0.0676382405225107
14.865,0.15552617367494,0.0677398241369721
14.88,0.155443367213606,0.0680485482676272
14.895,0.155342193913473,0.0685808806241839
14.91,0.155223099344371,0.0693518286453322
14.925,0.155086562243311,0.0703742716646529
14.94,0.154933092021452,0.0716583945720157
14.955,0.15476322636512,0.0732112710660272
14.97,0.15457752893228,0.0750366270200083
14.985,0.154376587142803,0.0771347918424617
