Var1,Var2,Var3,Var4
0,-0.721688664638387,0.0825853983554531,-0.64625227593282
0.015,-0.72168558939743,0.0825601558618907,-0.64626431656011
0.03,-0.721654278623294,0.0823158368406486,-0.646387203000183
0.045,-0.72161993088716,0.0820666739407956,-0.646522258559636
0.06,-0.72158162813416,0.0818097966830815,-0.646672760756505
0.075,-0.721542009239426,0.0815653082881751,-0.646827905568352
0.09,-0.721504098637841,0.0813513139408904,-0.646975403978261
0.105,-0.721470456203739,0.0811788277683029,-0.647104991383524
0.12,-0.721442708897439,0.0810506797693014,-0.647210362596648
0.135,-0.721421390891127,0.0809628526056834,-0.647289773592259
0.15,-0.721406088737164,0.0809072619282753,-0.647345341346781
0.165,-0.721395779326608,0.0808746957763128,-0.647381551303456
0.18,-0.721389209065615,0.0808569614666828,-0.647403642722536
0.195,-0.721385193143677,0.0808479062684143,-0.647416387424288
0.21,-0.721382780591528,0.080843499441159,-0.647423467023719
0.225,-0.721381293415608,0.0808413948191374,-0.647427375048164
0.24,-0.721380279964142,0.0808403602045898,-0.64742963094511
0.255,-0.721379409215282,0.0808397998031455,-0.647431095186087
0.27,-0.721378108221822,0.080839438632236,-0.647432256516416
0.285,-0.721381802714424,0.0808391456360071,-0.647433458251233
0.3,-0.721382805244355,0.0808388445042878,-0.647435116487744
0.315,-0.721383452913997,0.0808384692978534,-0.647438126360422
0.33,-0.721384100784823,0.0808379400223763,-0.647445372669614
0.345,-0.721384879271916,0.0808371490542392,-0.64747620595061
0.36,-0.721385891673462,0.0808359599889151,-0.647493034152705
0.375,-0.721387237626032,0.0808342252957697,-0.647449757931745
0.39,-0.721389009068491,0.0808318259971348,-0.647413687883301
0.405,-0.721391275561001,0.0808287304488571,-0.647377159647045
0.42,-0.721394068394005,0.0808250541755047,-0.647338261704535
0.435,-0.721397368816313,0.0808210991193878,-0.647296669081127
0.45,-0.721401104978236,0.0808173521584419,-0.647252873146962
0.465,-0.721405159144045,0.0808144351842087,-0.647207860886047
0.48,-0.721409383477873,0.0808130158100355,-0.647162874861952
0.495,-0.721413620357878,0.0808137014898045,-0.647119199471288
0.51,-0.721417722389068,0.080816944836957,-0.647077983467792
0.525,-0.721421568070524,0.0808229829236982,-0.647040116954626
0.54,-0.721425070855536,0.0808318214049579,-0.647006171524996
0.555,-0.721428181336975,0.080843260822938,-0.646976398958192
0.57,-0.721430883846122,0.0808569523056054,-0.646950773733382
0.585,-0.721433189552097,0.0808724656108841,-0.646929060280409
0.6,-0.721435128208267,0.0808893538831451,-0.646910887021934
0.615,-0.721436740244889,0.0809072045124658,-0.646895813895114
0.63,-0.721438070249307,0.0809256715376411,-0.646883385838142
0.645,-0.72143916224766,0.0809444900994919,-0.646873169883848
0.66,-0.721440056740716,0.0809634765624182,-0.64686477709071
0.675,-0.721440789186108,0.0809825190609286,-0.646857872417824
0.69,-0.721441389528544,0.0810015629388722,-0.646852176156405
0.705,-0.721441882400306,0.0810205945300228,-0.646847460180334
0.72,-0.721442287689748,0.0810396255550773,-0.64684354154227
0.735,-0.721442621264146,0.0810586794269558,-0.646840275148087
0.75,-0.721442895711747,0.081077780090333,-0.646837546567884
0.765,-0.721443121027062,0.0810969436499869,-0.646835265547612
0.78,-0.721443305203172,0.0811161728697767,-0.646833360463537
0.795,-0.721443454719013,0.0811354545400845,-0.646831773773363
0.81,-0.721443574923157,0.0811547596306844,-0.646830458418341
0.825,-0.721443670322895,0.0811740460252159,-0.646829375082649
0.84,-0.721443744791242,0.081193263475281,-0.646828490194155
0.855,-0.721443801706523,0.0812123602553125,-0.646827774540403
0.87,-0.72144384404005,0.0812312909007466,-0.646827202369775
0.885,-0.721443874407117,0.081250024426959,-0.646826750849961
0.9,-0.721443895095232,0.0812685525939886,-0.646826399765109
0.915,-0.721443908081078,0.0812868981239757,-0.646826131349757
0.93,-0.721443915044703,0.0813051233172192,-0.646825930180125
0.945,-0.721443917386153,0.0813233403195836,-0.646825783068631
0.96,-0.721443916246878,0.0813417255866739,-0.646825678931719
0.975,-0.721443912535919,0.0813605434647457,-0.646825608621225
0.99,-0.721443906959508,0.081380188869619,-0.646825564723602
1.005,-0.721443900052066,0.0814012714195431,-0.646825541339141
1.02,-0.721443892206594,0.0814247982420744,-0.646825533855754
1.035,-0.721443883702874,0.0814526301593368,-0.646825538730524
1.05,-0.72144387473246,0.0814889017774355,-0.646825553288849
1.065,-0.721443865419976,0.0815467222713929,-0.646825575547014
1.08,-0.721443855840733,0.0817992679062908,-0.646825604060448
1.095,-0.721443846034687,0.0815696319906381,-0.646825637798057
1.11,-0.721443836019193,0.0815224039380108,-0.646825676033221
1.125,-0.721443825796218,0.0814956373667278,-0.646825718265344
1.14,-0.721443815359694,0.081477195107147,-0.646825764151147
1.155,-0.721443804701148,0.0814632403371602,-0.646825813449696
1.17,-0.721443793813756,0.0814520708225759,-0.646825865979724
1.185,-0.721443782695393,0.0814427890574502,-0.646825921586007
1.2,-0.721443771350792,0.0814348690307591,-0.646825980113555
1.215,-0.721443759792916,0.0814279796571398,-0.646826041388554
1.23,-0.721443748043631,0.0814219015510259,-0.646826105205284
1.245,-0.72144373613375,0.081416483525548,-0.646826171318281
1.26,-0.72144372410256,0.0814116180199574,-0.646826239439056
1.275,-0.721443711996907,0.081407226358303,-0.64682630923668
1.29,-0.72144369986995,0.081403249476756,-0.646826380341525
1.305,-0.721443687779672,0.0813996418684436,-0.646826452351446
1.32,-0.721443675787256,0.0813963675117551,-0.646826524839772
1.335,-0.721443663955382,0.081393397070181,-0.646826597364502
1.35,-0.72144365234653,0.0813907059347405,-0.646826669478195
1.365,-0.72144364102134,0.0813882728409789,-0.646826740738113
1.38,-0.721443630037074,0.0813860788879555,-0.64682681071621
1.395,-0.721443619446234,0.0813841068452409,-0.646826879008603
1.41,-0.721443609295371,0.0813823406708245,-0.646826945244174
1.425,-0.721443599624123,0.0813807651863323,-0.646827009091977
1.44,-0.721443590464523,0.081379365870952,-0.646827070267163
1.455,-0.72144358184058,0.0813781287449839,-0.646827128535192
1.47,-0.721443573768166,0.0813770403199957,-0.646827183714175
1.485,-0.721443566255182,0.081376087596562,-0.646827235675322
1.5,-0.721443559301983,0.0813752580934777,-0.646827284341571
1.515,-0.721443552902029,0.0813745398947726,-0.646827329684565
1.53,-0.721443547042712,0.0813739217031948,-0.646827371720291
1.545,-0.721443541706289,0.0813733928911987,-0.646827410503695
1.56,-0.721443536870879,0.0813729435428713,-0.646827446122669
1.575,-0.721443532511451,0.0813725644825574,-0.646827478691777
1.59,-0.721443528600778,0.0813722472880659,-0.646827508346055
1.605,-0.721443525110292,0.0813719842881408,-0.64682753523516
1.62,-0.721443522010842,0.081371768545284,-0.646827559518092
1.635,-0.721443519273321,0.0813715938259875,-0.646827581358623
1.65,-0.721443516869168,0.0813714545609962,-0.646827600921488
1.665,-0.721443514770741,0.0813713457984272,-0.64682761836937
1.68,-0.721443512951585,0.0813712631525016,-0.64682763386063
1.695,-0.721443511386594,0.0813712027503702,-0.646827647547704
1.71,-0.721443510052092,0.0813711611791341,-0.646827659576096
1.725,-0.721443508925856,0.0813711354347183,-0.646827670083847
1.74,-0.721443507987077,0.0813711228738245,-0.646827679201392
1.755,-0.721443507216297,0.0813711211697842,-0.646827687051703
1.77,-0.72144350659532,0.081371128272789,-0.646827693750632
1.785,-0.721443506107112,0.0813711423746937,-0.646827699407384
1.8,-0.721443505735703,0.0813711618783683,-0.646827704125052
1.815,-0.721443505466085,0.0813711853714192,-0.646827708001171
1.83,-0.721443505284126,0.0813712116039887,-0.646827711128244
1.845,-0.721443505176496,0.0813712394702749,-0.64682771359422
1.86,-0.721443505130603,0.0813712679933749,-0.646827715482892
1.875,-0.721443505134551,0.0813712963130389,-0.646827716874212
1.89,-0.721443505177106,0.0813713236759196,-0.646827717844509
1.905,-0.721443505247691,0.0813713494279075,-0.646827718466609
1.92,-0.721443505336376,0.0813713730081567,-0.646827718809861
1.935,-0.721443505433901,0.0813713939444189,-0.646827718940072
1.95,-0.721443505531696,0.081371411849322,-0.64682771891936
1.965,-0.721443505621915,0.0813714264172518,-0.646827718805945
1.98,-0.72144350569747,0.0813714374215169,-0.646827718653885
1.995,-0.721443505752075,0.0813714447115119,-0.646827718512785
2.01,-0.72144350578028,0.0813714482096276,-0.646827718427495
2.025,-0.721443505777505,0.0813714479077002,-0.646827718437813
2.04,-0.721443505740063,0.0813714438628464,-0.646827718578227
2.055,-0.721443505665174,0.0813714361925823,-0.646827718877712
2.07,-0.721443505550964,0.0813714250691872,-0.646827719359598
2.085,-0.721443505396449,0.0813714107133347,-0.646827720041519
2.1,-0.721443505201503,0.0813713933870679,-0.646827720935474
2.115,-0.72144350496681,0.0813713733862529,-0.64682772204798
2.13,-0.7214435046938,0.0813713510326837,-0.646827723380337
2.145,-0.721443504384571,0.0813713266660437,-0.646827724928991
2.16,-0.7214435040418,0.0813713006359462,-0.646827726685982
2.175,-0.721443503668648,0.081371273294278,-0.646827728639472
2.19,-0.72144350326865,0.0813712449880579,-0.646827730774324
2.205,-0.721443502845623,0.0813712160529957,-0.646827733072715
2.22,-0.721443502403549,0.081371186807904,-0.646827735514769
2.235,-0.721443501946489,0.0813711575500684,-0.646827738079171
2.25,-0.721443501478489,0.0813711285516396,-0.646827740743765
2.265,-0.721443501003499,0.081371100057058,-0.646827743486096
2.28,-0.721443500525306,0.0813710722814823,-0.646827746283901
2.295,-0.721443500047481,0.0813710454101523,-0.646827749115531
2.31,-0.721443499573334,0.0813710195985832,-0.646827751960298
2.325,-0.721443499105884,0.0813709949734707,-0.646827754798746
2.34,-0.721443498647843,0.0813709716341682,-0.646827757612851
2.355,-0.721443498201609,0.0813709496545948,-0.646827760386148
2.37,-0.721443497769265,0.0813709290854369,-0.646827763103802
2.385,-0.721443497352588,0.0813709099565135,-0.646827765752622
2.4,-0.721443496953067,0.081370892279191,-0.646827768321031
2.415,-0.721443496571918,0.0813708760487538,-0.646827770799012
2.43,-0.721443496210106,0.0813708612466513,-0.646827773178016
2.445,-0.721443495868367,0.0813708478425695,-0.646827775450874
2.46,-0.721443495547228,0.0813708357962869,-0.646827777611687
2.475,-0.721443495247029,0.0813708250593005,-0.646827779655727
2.49,-0.72144349496794,0.0813708155762159,-0.646827781579341
2.505,-0.721443494709976,0.0813708072859143,-0.646827783379867
2.52,-0.721443494473013,0.0813708001225157,-0.64682778505556
2.535,-0.721443494256798,0.0813707940161669,-0.646827786605531
2.55,-0.721443494060955,0.0813707888936869,-0.646827788029706
2.565,-0.721443493884996,0.0813707846791042,-0.646827789328789
2.58,-0.721443493728324,0.0813707812941215,-0.646827790504237
2.595,-0.721443493590237,0.0813707786585394,-0.646827791558248
2.61,-0.721443493469933,0.0813707766906692,-0.64682779249375
2.625,-0.72144349336651,0.081370775307759,-0.646827793314385
2.64,-0.721443493278977,0.0813707744264497,-0.646827794024504
2.655,-0.721443493206251,0.0813707739632752,-0.646827794629147
2.67,-0.721443493147169,0.0813707738352108,-0.646827795134017
2.685,-0.721443493100494,0.0813707739602689,-0.646827795545449
2.7,-0.721443493064924,0.0813707742581356,-0.646827795870365
2.715,-0.721443493039104,0.081370774650837,-0.646827796116215
2.73,-0.721443493021636,0.0813707750634178,-0.646827796290914
2.745,-0.721443493011099,0.081370775424615,-0.646827796402758
2.76,-0.721443493006054,0.0813707756675068,-0.646827796460341
2.775,-0.72144349300507,0.0813707757301155,-0.646827796472456
2.79,-0.721443493006733,0.0813707755559463,-0.646827796447997
2.805,-0.721443493009664,0.0813707750944441,-0.646827796395854
2.82,-0.721443493012533,0.0813707743013565,-0.64682779632481
2.835,-0.721443493014076,0.08137077313899,-0.646827796243443
2.85,-0.721443493013102,0.0813707715763564,-0.646827796160032
2.865,-0.721443493008512,0.0813707695892061,-0.646827796082468
2.88,-0.721443492999299,0.0813707671599515,-0.646827796018177
2.895,-0.721443492984563,0.0813707642774869,-0.64682779597406
2.91,-0.721443492963512,0.0813707609369146,-0.646827795956432
2.925,-0.721443492935465,0.0813707571391889,-0.646827795970989
2.94,-0.721443492899855,0.0813707528906936,-0.646827796022776
2.955,-0.721443492856226,0.0813707482027669,-0.646827796116172
2.97,-0.721443492804232,0.0813707430911903,-0.646827796254888
2.985,-0.721443492743631,0.0813707375756564,-0.646827796441975
3,-0.721443492674283,0.0813707316792304,-0.646827796679838
3.015,-0.721443492596136,0.0813707254275085,-0.646827796970276
3.03,-0.721443492509184,0.0813707188452331,-0.646827797314671
3.045,-0.721443492413443,0.0813707119554559,-0.646827797714112
3.06,-0.721443492308973,0.081370704781555,-0.646827798169352
3.075,-0.721443492195879,0.0813706973474832,-0.646827798680817
3.09,-0.721443492074304,0.0813706896777715,-0.64682779924863
3.105,-0.721443491944436,0.0813706817975734,-0.646827799872613
3.12,-0.721443491806501,0.0813706737327344,-0.646827800552294
3.135,-0.721443491660771,0.0813706655098737,-0.646827801286901
3.15,-0.721443491507558,0.081370657156461,-0.646827802075352
3.165,-0.721443491347224,0.0813706487008754,-0.646827802916247
3.18,-0.721443491180176,0.0813706401724357,-0.646827803807848
3.195,-0.721443491006874,0.081370631601392,-0.646827804748071
3.21,-0.721443490827826,0.0813706230188716,-0.646827805734475
3.225,-0.721443490643592,0.0813706144567754,-0.646827806764252
3.24,-0.721443490454782,0.0813706059476231,-0.646827807834226
3.255,-0.721443490262054,0.0813705975243472,-0.646827808940858
3.27,-0.721443490066112,0.0813705892200398,-0.646827810080255
3.285,-0.7214434898677,0.0813705810676573,-0.646827811248193
3.3,-0.721443489667598,0.0813705730996905,-0.646827812440137
3.315,-0.721443489466614,0.0813705653478083,-0.646827813651282
3.33,-0.721443489265577,0.0813705578424859,-0.646827814876593
3.345,-0.721443489065328,0.081370550612628,-0.646827816110852
3.36,-0.721443488866711,0.0813705436851977,-0.646827817348717
3.375,-0.721443488670563,0.0813705370848626,-0.646827818584777
3.39,-0.721443488477703,0.0813705308336686,-0.646827819813616
3.405,-0.721443488288924,0.0813705249507508,-0.646827821029879
3.42,-0.721443488104982,0.08137051945209,-0.646827822228335
3.435,-0.721443487926587,0.0813705143503212,-0.646827823403941
3.45,-0.721443487754394,0.0813705096545996,-0.6468278245519
3.465,-0.721443487588996,0.0813705053705275,-0.646827825667719
3.48,-0.72144348743092,0.0813705015001423,-0.646827826747259
3.495,-0.721443487280618,0.0813704980419651,-0.646827827786777
3.51,-0.721443487138464,0.081370494991108,-0.64682782878296
3.525,-0.721443487004754,0.0813704923394343,-0.646827829732956
3.54,-0.721443486879705,0.0813704900757665,-0.64682783063439
3.555,-0.721443486763452,0.081370488186135,-0.646827831485375
3.57,-0.721443486656054,0.0813704866540586,-0.646827832284514
3.585,-0.721443486557492,0.0813704854608491,-0.646827833030892
3.6,-0.721443486467677,0.0813704845859316,-0.646827833724064
3.615,-0.721443486386454,0.0813704840071707,-0.646827834364037
3.63,-0.721443486313606,0.0813704837011959,-0.646827834951243
3.645,-0.721443486248861,0.081370483643719,-0.646827835486509
3.66,-0.721443486191894,0.0813704838098367,-0.646827835971027
3.675,-0.721443486142343,0.0813704841743139,-0.646827836406317
3.69,-0.721443486099802,0.0813704847118447,-0.646827836794194
3.705,-0.72144348606384,0.0813704853972878,-0.646827837136729
3.72,-0.721443486033996,0.0813704862058759,-0.646827837436216
3.735,-0.721443486009794,0.0813704871133987,-0.646827837695137
3.75,-0.721443485990739,0.081370488096361,-0.646827837916131
3.765,-0.721443485976331,0.0813704891321173,-0.646827838101961
3.78,-0.721443485966059,0.0813704901989861,-0.646827838255486
3.795,-0.721443485959416,0.0813704912763454,-0.646827838379639
3.81,-0.721443485955893,0.0813704923447137,-0.646827838477397
3.825,-0.721443485954989,0.081370493385819,-0.646827838551763
3.84,-0.72144348595621,0.0813704943826578,-0.646827838605743
3.855,-0.721443485959074,0.0813704953195477,-0.646827838642329
3.87,-0.721443485963112,0.0813704961821749,-0.646827838664477
3.885,-0.721443485967872,0.081370496957637,-0.646827838675093
3.9,-0.721443485972921,0.0813704976344838,-0.646827838677016
3.915,-0.721443485977846,0.081370498202754,-0.646827838672997
3.93,-0.721443485982261,0.0813704986540094,-0.646827838665686
3.945,-0.721443485985802,0.0813704989813628,-0.646827838657614
3.96,-0.721443485988134,0.0813704991795016,-0.646827838651177
3.975,-0.721443485988956,0.081370499244702,-0.646827838648616
3.99,-0.721443485987996,0.0813704991748339,-0.646827838652007
4.005,-0.721443485985018,0.0813704989693533,-0.646827838663239
4.02,-0.721443485979821,0.0813704986292816,-0.646827838684007
4.035,-0.721443485972243,0.081370498157168,-0.646827838715791
4.05,-0.721443485962159,0.0813704975570357,-0.646827838759851
4.065,-0.721443485949485,0.0813704968343104,-0.646827838817213
4.08,-0.721443485934175,0.0813704959957303,-0.64682783888867
4.095,-0.721443485916223,0.0813704950492383,-0.646827838974769
4.11,-0.721443485895659,0.0813704940038581,-0.646827839075816
4.125,-0.721443485872552,0.0813704928695546,-0.646827839191881
4.14,-0.721443485847006,0.081370491657082,-0.646827839322795
4.155,-0.721443485819156,0.0813704903778209,-0.646827839468171
4.17,-0.721443485789167,0.0813704890436094,-0.646827839627407
4.185,-0.721443485757232,0.0813704876665693,-0.646827839799705
4.2,-0.721443485723565,0.0813704862589332,-0.646827839984089
4.215,-0.7214434856884,0.0813704848328736,-0.646827840179427
4.23,-0.721443485651987,0.0813704834003396,-0.646827840384449
4.245,-0.721443485614586,0.0813704819729023,-0.646827840597772
4.26,-0.721443485576465,0.0813704805616132,-0.646827840817926
4.275,-0.721443485537894,0.081370479176876,-0.646827841043374
4.29,-0.721443485499143,0.0813704778283358,-0.64682784127254
4.305,-0.721443485460477,0.0813704765247846,-0.646827841503832
4.32,-0.721443485422154,0.0813704752740854,-0.646827841735661
4.335,-0.721443485384421,0.0813704740831139,-0.646827841966466
4.35,-0.721443485347511,0.0813704729577183,-0.646827842194732
4.365,-0.721443485311641,0.0813704719026958,-0.646827842419005
4.38,-0.72144348527701,0.081370470921785,-0.646827842637911
4.395,-0.721443485243798,0.0813704700176727,-0.646827842850168
4.41,-0.721443485212165,0.0813704691920138,-0.646827843054598
4.425,-0.721443485182246,0.0813704684454625,-0.646827843250135
4.44,-0.721443485154158,0.0813704677777127,-0.646827843435831
4.455,-0.721443485127992,0.0813704671875471,-0.646827843610867
4.47,-0.721443485103818,0.0813704666728924,-0.646827843774552
4.485,-0.721443485081682,0.0813704662308795,-0.646827843926326
4.5,-0.721443485061609,0.0813704658579083,-0.646827844065762
4.515,-0.721443485043602,0.0813704655497149,-0.646827844192567
4.53,-0.721443485027642,0.0813704653014404,-0.646827844306576
4.545,-0.721443485013692,0.0813704651077025,-0.646827844407755
4.56,-0.721443485001695,0.0813704649626662,-0.646827844496194
4.575,-0.721443484991574,0.0813704648601165,-0.646827844572104
4.59,-0.721443484983238,0.0813704647935299,-0.646827844635811
4.605,-0.721443484976579,0.081370464756147,-0.646827844687754
4.62,-0.721443484971474,0.0813704647410437,-0.646827844728475
4.635,-0.721443484967788,0.0813704647412029,-0.646827844758612
4.65,-0.721443484965376,0.0813704647495845,-0.646827844778895
4.665,-0.72144348496408,0.0813704647591954,-0.646827844790132
4.68,-0.721443484963736,0.0813704647631573,-0.646827844793209
4.695,-0.721443484964173,0.0813704647547736,-0.64682784478907
4.71,-0.721443484965216,0.0813704647275933,-0.646827844778716
4.725,-0.721443484966686,0.0813704646754727,-0.646827844763191
4.74,-0.721443484968403,0.0813704645926338,-0.64682784474357
4.755,-0.721443484970187,0.0813704644737186,-0.646827844720953
4.77,-0.721443484971862,0.0813704643138386,-0.646827844696445
4.785,-0.721443484973256,0.0813704641086196,-0.646827844671156
4.8,-0.721443484974202,0.0813704638542397,-0.64682784464618
4.815,-0.72144348497454,0.081370463547462,-0.646827844622588
4.83,-0.721443484974121,0.0813704631856591,-0.64682784460142
4.845,-0.721443484972805,0.0813704627668315,-0.646827844583668
4.86,-0.721443484970464,0.0813704622896173,-0.646827844570274
4.875,-0.721443484966984,0.0813704617532949,-0.646827844562113
4.89,-0.721443484962265,0.081370461157778,-0.646827844559994
4.905,-0.721443484956219,0.0813704605036027,-0.646827844564645
4.92,-0.721443484948776,0.0813704597919077,-0.646827844576712
4.935,-0.721443484939882,0.0813704590244077,-0.646827844596754
4.95,-0.721443484929496,0.081370458203361,-0.646827844625234
4.965,-0.721443484917596,0.0813704573315312,-0.646827844662525
4.98,-0.721443484904173,0.0813704564121442,-0.646827844708902
4.995,-0.721443484889235,0.0813704554488418,-0.646827844764547
5.01,-0.721443484872805,0.0813704544456275,-0.646827844829544
5.025,-0.721443484854915,0.0813704534066599,-0.6468278449039
5.04,-0.721443484835606,0.0813704523360276,-0.64682784498756
5.055,-0.721443484814928,0.0813704512379168,-0.646827845080401
5.07,-0.72144348479294,0.0813704501166745,-0.646827845182233
5.085,-0.721443484769712,0.0813704489767999,-0.646827845292792
5.1,-0.721443484745323,0.0813704478229335,-0.646827845411748
5.115,-0.721443484719863,0.0813704466598406,-0.6468278455387
5.13,-0.72144348469343,0.0813704454923879,-0.646827845673182
5.145,-0.721443484666131,0.0813704443255132,-0.646827845814659
5.16,-0.721443484638082,0.0813704431641862,-0.646827845962536
5.175,-0.721443484609404,0.0813704420133633,-0.646827846116158
5.19,-0.721443484580226,0.0813704408779359,-0.646827846274821
5.205,-0.721443484550682,0.0813704397626751,-0.646827846437774
5.22,-0.721443484520906,0.081370438672175,-0.64682784660423
5.235,-0.721443484491038,0.0813704376107958,-0.646827846773376
5.25,-0.721443484461214,0.0813704365826115,-0.646827846944383
5.265,-0.721443484431569,0.0813704355913615,-0.646827847116415
5.28,-0.721443484402235,0.0813704346404098,-0.64682784728864
5.295,-0.721443484373338,0.0813704337327123,-0.64682784746024
5.31,-0.721443484344999,0.0813704328707932,-0.646827847630422
5.325,-0.721443484317329,0.0813704320567305,-0.646827847798423
5.34,-0.721443484290433,0.0813704312921501,-0.646827847963519
5.355,-0.721443484264406,0.0813704305782281,-0.646827848125029
5.37,-0.721443484239332,0.0813704299157004,-0.646827848282322
5.385,-0.721443484215287,0.0813704293048771,-0.64682784843482
5.4,-0.721443484192334,0.0813704287456625,-0.646827848581998
5.415,-0.721443484170528,0.0813704282375764,-0.646827848723388
5.43,-0.721443484149914,0.081370427779779,-0.646827848858578
5.445,-0.721443484130526,0.0813704273710951,-0.646827848987214
5.46,-0.72144348411239,0.0813704270100389,-0.646827849108995
5.475,-0.72144348409552,0.0813704266948381,-0.64682784922368
5.49,-0.721443484079923,0.0813704264234572,-0.646827849331081
5.505,-0.721443484065596,0.0813704261936202,-0.646827849431064
5.52,-0.72144348405253,0.0813704260028319,-0.646827849523549
5.535,-0.721443484040703,0.0813704258483998,-0.646827849608512
5.55,-0.72144348403009,0.0813704257274553,-0.646827849685977
5.565,-0.721443484020655,0.0813704256369754,-0.646827849756023
5.58,-0.721443484012354,0.0813704255738055,-0.646827849818779
5.595,-0.72144348400514,0.0813704255346833,-0.646827849874423
5.61,-0.721443483998954,0.081370425516263,-0.646827849923182
5.625,-0.721443483993735,0.0813704255151424,-0.646827849965329
5.64,-0.721443483989413,0.0813704255278902,-0.64682785000118
5.655,-0.721443483985916,0.0813704255510744,-0.646827850031096
5.67,-0.721443483983164,0.0813704255812916,-0.646827850055472
5.685,-0.721443483981075,0.0813704256151967,-0.64682785007474
5.7,-0.721443483979565,0.0813704256495321,-0.64682785008936
5.715,-0.721443483978546,0.0813704256811564,-0.646827850099821
5.73,-0.721443483977929,0.0813704257070712,-0.646827850106629
5.745,-0.721443483977625,0.0813704257244472,-0.646827850110308
5.76,-0.721443483977545,0.081370425730647,-0.64682785011139
5.775,-0.721443483977601,0.0813704257232459,-0.646827850110414
5.79,-0.721443483977708,0.0813704257000498,-0.646827850107916
5.805,-0.721443483977783,0.0813704256591099,-0.646827850104429
5.82,-0.721443483977746,0.0813704255987348,-0.646827850100473
5.835,-0.721443483977522,0.0813704255174984,-0.646827850096553
5.85,-0.721443483977041,0.0813704254142461,-0.646827850093154
5.865,-0.721443483976237,0.0813704252880971,-0.646827850090737
5.88,-0.721443483975052,0.0813704251384444,-0.646827850089734
5.895,-0.721443483973433,0.081370424964952,-0.646827850090549
5.91,-0.721443483971333,0.08137042476755,-0.64682785009355
5.925,-0.721443483968711,0.0813704245464271,-0.646827850099067
5.94,-0.721443483965537,0.0813704243020209,-0.646827850107394
5.955,-0.721443483961784,0.0813704240350077,-0.646827850118784
5.97,-0.721443483957433,0.0813704237462883,-0.646827850133448
5.985,-0.721443483952472,0.0813704234369746,-0.646827850151555
6,-0.721443483946898,0.0813704231083729,-0.646827850173231
6.015,-0.721443483940713,0.0813704227619502,-0.646827850198562
6.03,-0.721443483933921,0.0813704223991443,-0.646827850227604
6.045,-0.721443483926529,0.0813704220212909,-0.646827850260398
6.06,-0.721443483918548,0.0813704216297687,-0.64682785029696
6.075,-0.721443483909991,0.0813704212260232,-0.646827850337278
6.09,-0.721443483900876,0.0813704208115675,-0.646827850381314
6.105,-0.721443483891225,0.0813704203879844,-0.646827850429005
6.12,-0.721443483881063,0.0813704199569275,-0.646827850480258
6.135,-0.721443483870421,0.0813704195201216,-0.646827850534952
6.15,-0.721443483859332,0.0813704190793612,-0.646827850592937
6.165,-0.721443483847837,0.0813704186365069,-0.646827850654033
6.18,-0.721443483835978,0.0813704181934783,-0.646827850718028
6.195,-0.721443483823802,0.0813704177522444,-0.64682785078468
6.21,-0.72144348381136,0.0813704173148098,-0.646827850853715
6.225,-0.721443483798709,0.0813704168831979,-0.646827850924832
6.24,-0.721443483785908,0.0813704164594309,-0.646827850997698
6.255,-0.721443483773018,0.0813704160455068,-0.646827851071956
6.27,-0.721443483760105,0.0813704156433741,-0.646827851147226
6.285,-0.721443483747234,0.0813704152549049,-0.646827851223108
6.3,-0.721443483734473,0.0813704148818672,-0.646827851299187
6.315,-0.721443483721889,0.0813704145258965,-0.646827851375038
6.33,-0.72144348370955,0.0813704141884696,-0.646827851450232
6.345,-0.721443483697519,0.0813704138708788,-0.64682785152434
6.36,-0.721443483685859,0.0813704135742091,-0.646827851596942
6.375,-0.721443483674629,0.0813704132993194,-0.64682785166763
6.39,-0.721443483663882,0.0813704130468263,-0.646827851736015
6.405,-0.721443483653668,0.0813704128170939,-0.646827851801734
6.42,-0.721443483644028,0.081370412610227,-0.646827851864455
6.435,-0.721443483634999,0.0813704124260701,-0.646827851923879
6.45,-0.721443483626609,0.0813704122642112,-0.646827851979748
6.465,-0.72144348361888,0.0813704121239901,-0.646827852031844
6.48,-0.721443483611826,0.0813704120045111,-0.646827852079995
6.495,-0.721443483605453,0.0813704119046604,-0.646827852124076
6.51,-0.721443483599758,0.0813704118231253,-0.646827852164006
6.525,-0.721443483594733,0.0813704117584179,-0.646827852199754
6.54,-0.721443483590362,0.0813704117088993,-0.646827852231331
6.555,-0.721443483586622,0.081370411672806,-0.646827852258796
6.57,-0.721443483583485,0.0813704116482762,-0.646827852282245
6.585,-0.721443483580916,0.0813704116333765,-0.646827852301817
6.6,-0.721443483578877,0.0813704116261278,-0.646827852317683
6.615,-0.721443483577324,0.0813704116245296,-0.64682785233005
6.63,-0.721443483576209,0.0813704116265831,-0.64682785233915
6.645,-0.721443483575485,0.0813704116303125,-0.646827852345241
6.66,-0.721443483575098,0.0813704116337839,-0.6468278523486
6.675,-0.721443483574995,0.081370411635122,-0.646827852349524
6.69,-0.721443483575121,0.0813704116325252,-0.646827852348321
6.705,-0.721443483575422,0.081370411624278,-0.646827852345309
6.72,-0.721443483575842,0.0813704116087617,-0.646827852340815
6.735,-0.721443483576327,0.0813704115844636,-0.646827852335167
6.75,-0.721443483576823,0.0813704115499845,-0.646827852328698
6.765,-0.721443483577277,0.0813704115040451,-0.646827852321735
6.78,-0.721443483577638,0.0813704114454914,-0.646827852314605
6.795,-0.721443483577856,0.0813704113732988,-0.646827852307628
6.81,-0.721443483577886,0.0813704112865768,-0.646827852301117
6.825,-0.721443483577682,0.0813704111845721,-0.646827852295373
6.84,-0.721443483577203,0.0813704110666717,-0.646827852290689
6.855,-0.721443483576408,0.0813704109324064,-0.646827852287343
6.87,-0.721443483575263,0.0813704107814526,-0.646827852285598
6.885,-0.721443483573735,0.0813704106136352,-0.6468278522857
6.9,-0.721443483571795,0.0813704104289289,-0.646827852287877
6.915,-0.721443483569418,0.0813704102274597,-0.646827852292338
6.93,-0.721443483566584,0.0813704100095052,-0.646827852299269
6.945,-0.721443483563275,0.0813704097754938,-0.646827852308832
6.96,-0.72144348355948,0.0813704095260034,-0.646827852321167
6.975,-0.721443483555191,0.0813704092617579,-0.646827852336383
6.99,-0.721443483550405,0.081370408983623,-0.646827852354567
7.005,-0.721443483545124,0.0813704086925999,-0.646827852375772
7.02,-0.721443483539356,0.0813704083898173,-0.646827852400025
7.035,-0.721443483533111,0.0813704080765218,-0.646827852427321
7.05,-0.721443483526407,0.0813704077540669,-0.646827852457628
7.065,-0.721443483519263,0.0813704074238991,-0.646827852490879
7.08,-0.721443483511707,0.081370407087544,-0.646827852526981
7.095,-0.721443483503766,0.0813704067465902,-0.646827852565811
7.11,-0.721443483495476,0.0813704064026719,-0.64682785260722
7.125,-0.721443483486872,0.0813704060574513,-0.64682785265103
7.14,-0.721443483477995,0.0813704057125998,-0.646827852697044
7.155,-0.721443483468888,0.0813704053697798,-0.646827852745039
7.17,-0.721443483459596,0.0813704050306254,-0.646827852794775
7.185,-0.721443483450164,0.0813704046967254,-0.646827852845998
7.2,-0.72144348344064,0.0813704043696049,-0.646827852898437
7.215,-0.721443483431072,0.08137040405071,-0.646827852951815
7.23,-0.721443483421509,0.0813704037413929,-0.646827853005847
7.245,-0.721443483411997,0.0813704034428983,-0.646827853060245
7.26,-0.721443483402582,0.0813704031563526,-0.646827853114721
7.275,-0.721443483393311,0.0813704028827538,-0.646827853168989
7.29,-0.721443483384224,0.0813704026229648,-0.646827853222772
7.305,-0.721443483375363,0.081370402377707,-0.646827853275798
7.32,-0.721443483366766,0.0813704021475575,-0.64682785332781
7.335,-0.721443483358466,0.081370401932947,-0.646827853378563
7.35,-0.721443483350496,0.0813704017341603,-0.646827853427828
7.365,-0.721443483342883,0.0813704015513379,-0.646827853475394
7.38,-0.721443483335651,0.0813704013844792,-0.646827853521067
7.395,-0.721443483328821,0.0813704012334478,-0.646827853564676
7.41,-0.72144348332241,0.0813704010979763,-0.64682785360607
7.425,-0.721443483316429,0.0813704009776741,-0.646827853645119
7.44,-0.721443483310889,0.081370400872034,-0.646827853681716
7.455,-0.721443483305793,0.081370400780441,-0.646827853715776
7.47,-0.721443483301144,0.0813704007021809,-0.646827853747238
7.485,-0.721443483296939,0.0813704006364487,-0.64682785377606
7.5,-0.721443483293172,0.0813704005823585,-0.646827853802225
7.515,-0.721443483289835,0.0813704005389526,-0.646827853825737
7.53,-0.721443483286914,0.0813704005052109,-0.646827853846619
7.545,-0.721443483284396,0.0813704004800602,-0.646827853864916
7.56,-0.721443483282261,0.0813704004623841,-0.646827853880693
7.575,-0.721443483280489,0.0813704004510321,-0.646827853894032
7.59,-0.721443483279056,0.0813704004448291,-0.646827853905032
7.605,-0.721443483277938,0.081370400442585,-0.646827853913812
7.62,-0.721443483277106,0.0813704004431036,-0.646827853920503
7.635,-0.721443483276531,0.0813704004451924,-0.646827853925252
7.65,-0.721443483276182,0.0813704004476715,-0.646827853928219
7.665,-0.721443483276028,0.0813704004493832,-0.646827853929576
7.68,-0.721443483276036,0.0813704004492008,-0.646827853929504
7.695,-0.72144348327617,0.0813704004460378,-0.646827853928194
7.71,-0.721443483276398,0.0813704004388567,-0.646827853925845
7.725,-0.721443483276685,0.0813704004266778,-0.646827853922658
7.74,-0.721443483276996,0.0813704004085874,-0.646827853918843
7.755,-0.721443483277297,0.0813704003837459,-0.646827853914607
7.77,-0.721443483277555,0.0813704003513949,-0.64682785391016
7.785,-0.721443483277738,0.0813704003108645,-0.64682785390571
7.8,-0.721443483277816,0.0813704002615795,-0.646827853901459
7.815,-0.721443483277758,0.0813704002030642,-0.646827853897607
7.83,-0.721443483277538,0.0813704001349475,-0.646827853894343
7.845,-0.72144348327713,0.0813704000569663,-0.646827853891848
7.86,-0.721443483276513,0.0813703999689672,-0.646827853890292
7.875,-0.721443483275664,0.0813703998709088,-0.646827853889831
7.89,-0.721443483274569,0.0813703997628606,-0.646827853890607
7.905,-0.721443483273211,0.0813703996450026,-0.646827853892747
7.92,-0.721443483271581,0.0813703995176223,-0.646827853896358
7.935,-0.721443483269671,0.0813703993811113,-0.646827853901532
7.95,-0.721443483267475,0.0813703992359601,-0.646827853908339
7.965,-0.721443483264994,0.0813703990827523,-0.646827853916832
7.98,-0.721443483262229,0.0813703989221572,-0.64682785392704
7.995,-0.721443483259185,0.081370398754922,-0.646827853938975
8.01,-0.721443483255872,0.0813703985818624,-0.646827853952627
8.025,-0.721443483252301,0.0813703984038538,-0.646827853967966
8.04,-0.721443483248487,0.0813703982218202,-0.646827853984944
8.055,-0.721443483244447,0.0813703980367242,-0.646827854003492
8.07,-0.721443483240201,0.0813703978495559,-0.646827854023524
8.085,-0.721443483235772,0.0813703976613219,-0.646827854044938
8.1,-0.721443483231183,0.0813703974730345,-0.646827854067616
8.115,-0.721443483226461,0.0813703972857007,-0.646827854091425
8.13,-0.721443483221632,0.0813703971003116,-0.646827854116222
8.145,-0.721443483216725,0.0813703969178326,-0.646827854141851
8.16,-0.72144348321177,0.0813703967391936,-0.646827854168147
8.175,-0.721443483206796,0.0813703965652801,-0.64682785419494
8.19,-0.721443483201833,0.0813703963969243,-0.646827854222053
8.205,-0.72144348319691,0.0813703962348981,-0.646827854249303
8.22,-0.721443483192058,0.081370396079906,-0.646827854276511
8.235,-0.721443483187305,0.0813703959325786,-0.646827854303491
8.25,-0.721443483182679,0.0813703957934677,-0.646827854330064
8.265,-0.721443483178207,0.0813703956630415,-0.646827854356053
8.28,-0.721443483173913,0.0813703955416809,-0.646827854381284
8.295,-0.721443483169822,0.0813703954296768,-0.646827854405593
8.31,-0.721443483165954,0.0813703953272275,-0.646827854428822
8.325,-0.72144348316233,0.0813703952344379,-0.646827854450822
8.34,-0.721443483158968,0.0813703951513186,-0.646827854471458
8.355,-0.721443483155881,0.0813703950777862,-0.646827854490603
8.37,-0.721443483153082,0.081370395013664,-0.646827854508147
8.385,-0.721443483150582,0.0813703949586842,-0.646827854523992
8.4,-0.721443483148387,0.0813703949124895,-0.646827854538056
8.415,-0.721443483146501,0.081370394874637,-0.646827854550272
8.43,-0.721443483144926,0.0813703948446012,-0.646827854560592
8.445,-0.72144348314366,0.0813703948217792,-0.646827854568982
8.46,-0.721443483142699,0.081370394805495,-0.646827854575427
8.475,-0.721443483142036,0.081370394795006,-0.646827854579931
8.49,-0.721443483141661,0.0813703947895086,-0.646827854582513
8.505,-0.72144348314156,0.0813703947881457,-0.646827854583213
8.52,-0.721443483141719,0.0813703947900136,-0.646827854582086
8.535,-0.721443483142119,0.0813703947941701,-0.646827854579206
8.55,-0.721443483142741,0.0813703947996431,-0.646827854574662
8.565,-0.721443483143561,0.0813703948054385,-0.646827854568559
8.58,-0.721443483144555,0.0813703948105496,-0.64682785456102
8.595,-0.721443483145697,0.0813703948139662,-0.646827854552179
8.61,-0.721443483146959,0.0813703948146835,-0.646827854542184
8.625,-0.72144348314831,0.0813703948117117,-0.646827854531196
8.64,-0.721443483149722,0.0813703948040846,-0.646827854519384
8.655,-0.721443483151162,0.0813703947908689,-0.646827854506928
8.67,-0.721443483152599,0.0813703947711726,-0.646827854494014
8.685,-0.721443483154001,0.0813703947441532,-0.646827854480833
8.7,-0.721443483155336,0.0813703947090256,-0.646827854467583
8.715,-0.721443483156572,0.081370394665069,-0.646827854454462
8.73,-0.721443483157678,0.0813703946116338,-0.646827854441666
8.745,-0.721443483158624,0.0813703945481468,-0.646827854429395
8.76,-0.72144348315938,0.0813703944741166,-0.646827854417841
8.775,-0.72144348315992,0.0813703943891374,-0.646827854407193
8.79,-0.721443483160218,0.0813703942928926,-0.646827854397634
8.805,-0.721443483160248,0.0813703941851567,-0.646827854389339
8.82,-0.72144348315999,0.0813703940657971,-0.646827854382471
8.835,-0.721443483159423,0.0813703939347745,-0.646827854377186
8.85,-0.721443483158531,0.0813703937921425,-0.646827854373624
8.865,-0.721443483157297,0.081370393638046,-0.646827854371915
8.88,-0.721443483155711,0.0813703934727199,-0.646827854372172
8.895,-0.721443483153762,0.0813703932964853,-0.646827854374495
8.91,-0.721443483151443,0.0813703931097468,-0.646827854378968
8.925,-0.721443483148752,0.0813703929129874,-0.646827854385658
8.94,-0.721443483145686,0.0813703927067643,-0.646827854394616
8.955,-0.721443483142247,0.0813703924917029,-0.646827854405877
8.97,-0.721443483138439,0.0813703922684915,-0.646827854419457
8.985,-0.721443483134269,0.0813703920378746,-0.646827854435359
9,-0.721443483129746,0.0813703918006465,-0.646827854453566
9.015,-0.721443483124883,0.081370391557655,-0.646827854474046
9.03,-0.721443483119695,0.0813703913098829,-0.646827854496743
9.045,-0.721443483114204,0.0813703910584343,-0.646827854521571
9.06,-0.721443483108434,0.0813703908044477,-0.646827854548428
9.075,-0.72144348310241,0.0813703905490723,-0.646827854577192
9.09,-0.72144348309616,0.0813703902934531,-0.646827854607728
9.105,-0.721443483089714,0.0813703900387165,-0.646827854639886
9.12,-0.721443483083102,0.0813703897859563,-0.646827854673506
9.135,-0.721443483076355,0.0813703895362223,-0.646827854708418
9.15,-0.721443483069505,0.0813703892905084,-0.646827854744449
9.165,-0.721443483062583,0.0813703890497446,-0.646827854781419
9.18,-0.721443483055619,0.0813703888147892,-0.64682785481915
9.195,-0.721443483048644,0.0813703885864233,-0.646827854857462
9.21,-0.721443483041686,0.0813703883653478,-0.64682785489618
9.225,-0.721443483034772,0.0813703881521805,-0.646827854935131
9.24,-0.721443483027929,0.0813703879474566,-0.646827854974149
9.255,-0.721443483021182,0.081370387751629,-0.646827855013075
9.27,-0.721443483014552,0.0813703875650705,-0.646827855051759
9.285,-0.72144348300806,0.0813703873880769,-0.646827855090056
9.3,-0.721443483001725,0.0813703872208705,-0.646827855127834
9.315,-0.721443482995566,0.0813703870636043,-0.646827855164968
9.33,-0.721443482989596,0.0813703869163665,-0.646827855201342
9.345,-0.72144348298383,0.0813703867791846,-0.646827855236851
9.36,-0.721443482978279,0.0813703866520303,-0.646827855271399
9.375,-0.721443482972953,0.0813703865348235,-0.646827855304898
9.39,-0.721443482967862,0.0813703864274363,-0.64682785533727
9.405,-0.721443482963013,0.0813703863296968,-0.646827855368446
9.42,-0.721443482958411,0.0813703862413924,-0.646827855398364
9.435,-0.721443482954061,0.0813703861622726,-0.646827855426971
9.45,-0.721443482949965,0.081370386092052,-0.646827855454223
9.465,-0.721443482946126,0.0813703860304125,-0.646827855480083
9.48,-0.721443482942543,0.0813703859770052,-0.646827855504521
9.495,-0.721443482939216,0.081370385931453,-0.646827855527518
9.51,-0.721443482936143,0.081370385893352,-0.64682785554906
9.525,-0.72144348293332,0.0813703858622738,-0.646827855569141
9.54,-0.721443482930743,0.0813703858377671,-0.646827855587763
9.555,-0.721443482928406,0.0813703858193606,-0.646827855604938
9.57,-0.721443482926302,0.0813703858065647,-0.646827855620683
9.585,-0.721443482924423,0.0813703857988745,-0.646827855635023
9.6,-0.72144348292276,0.0813703857957731,-0.646827855647993
9.615,-0.721443482921304,0.0813703857967341,-0.646827855659634
9.63,-0.721443482920042,0.0813703858012261,-0.646827855669992
9.645,-0.721443482918963,0.0813703858087159,-0.646827855679124
9.66,-0.721443482918054,0.0813703858186731,-0.64682785568709
9.675,-0.721443482917302,0.0813703858305743,-0.646827855693959
9.69,-0.721443482916693,0.0813703858439074,-0.646827855699802
9.705,-0.721443482916212,0.0813703858581764,-0.646827855704698
9.72,-0.721443482915844,0.0813703858729054,-0.646827855708726
9.735,-0.721443482915575,0.0813703858876431,-0.646827855711972
9.75,-0.721443482915391,0.081370385901967,-0.646827855714521
9.765,-0.721443482915275,0.0813703859154864,-0.64682785571646
9.78,-0.721443482915214,0.081370385927846,-0.646827855717876
9.795,-0.721443482915194,0.0813703859387284,-0.646827855718856
9.81,-0.721443482915202,0.0813703859478563,-0.646827855719485
9.825,-0.721443482915225,0.0813703859549936,-0.646827855719844
9.84,-0.721443482915251,0.0813703859599464,-0.646827855720012
9.855,-0.721443482915269,0.0813703859625633,-0.646827855720063
9.87,-0.72144348291527,0.0813703859627342,-0.646827855720066
9.885,-0.721443482915245,0.0813703859603898,-0.646827855720086
9.9,-0.721443482915187,0.0813703859554998,-0.646827855720179
9.915,-0.721443482915088,0.0813703859480703,-0.646827855720399
9.93,-0.721443482914944,0.0813703859381418,-0.64682785572079
9.945,-0.721443482914751,0.0813703859257857,-0.646827855721392
9.96,-0.721443482914504,0.0813703859111016,-0.646827855722236
9.975,-0.721443482914203,0.0813703858942134,-0.646827855723349
9.99,-0.721443482913846,0.0813703858752667,-0.64682785572475
10.005,-0.721443482913432,0.0813703858544244,-0.646827855726453
10.02,-0.721443482912963,0.0813703858318624,-0.646827855728467
10.035,-0.721443482912439,0.0813703858077519,-0.646827855730795
10.05,-0.721443482911863,0.0813703857822594,-0.64682785573344
10.065,-0.721443482911235,0.0813703857555566,-0.646827855736398
10.08,-0.721443482910558,0.081370385727821,-0.646827855739664
10.095,-0.721443482909836,0.0813703856992357,-0.646827855743227
10.11,-0.721443482909072,0.0813703856699897,-0.646827855747072
10.125,-0.721443482908269,0.0813703856402774,-0.646827855751183
10.14,-0.721443482907434,0.0813703856102975,-0.646827855755538
10.155,-0.72144348290657,0.0813703855802518,-0.646827855760112
10.17,-0.721443482905683,0.0813703855503439,-0.646827855764876
10.185,-0.72144348290478,0.0813703855207765,-0.646827855769798
10.2,-0.721443482903866,0.0813703854917488,-0.646827855774844
10.215,-0.721443482902948,0.0813703854634546,-0.646827855779976
10.23,-0.721443482902033,0.0813703854360783,-0.646827855785156
10.245,-0.721443482901127,0.0813703854097931,-0.646827855790342
10.26,-0.721443482900238,0.0813703853847574,-0.646827855795494
10.275,-0.721443482899372,0.0813703853611125,-0.646827855800569
10.29,-0.721443482898534,0.081370385338981,-0.646827855805527
10.305,-0.721443482897732,0.081370385318464,-0.646827855810328
10.32,-0.721443482896971,0.0813703852996405,-0.646827855814932
10.335,-0.721443482896256,0.0813703852825662,-0.646827855819305
10.35,-0.721443482895592,0.081370385267273,-0.64682785582341
10.365,-0.721443482894982,0.0813703852537689,-0.646827855827219
10.38,-0.72144348289443,0.0813703852420384,-0.646827855830703
10.395,-0.721443482893939,0.0813703852320428,-0.646827855833837
10.41,-0.72144348289351,0.0813703852237215,-0.646827855836602
10.425,-0.721443482893146,0.0813703852169926,-0.646827855838981
10.44,-0.721443482892846,0.0813703852117543,-0.646827855840962
10.455,-0.72144348289261,0.0813703852078863,-0.646827855842536
10.47,-0.721443482892438,0.0813703852052507,-0.646827855843699
10.485,-0.721443482892328,0.0813703852036941,-0.64682785584445
10.5,-0.721443482892279,0.0813703852030487,-0.646827855844794
10.515,-0.721443482892286,0.081370385203134,-0.646827855844738
10.53,-0.721443482892348,0.0813703852037583,-0.646827855844295
10.545,-0.72144348289246,0.0813703852047209,-0.646827855843481
10.56,-0.721443482892618,0.0813703852058136,-0.646827855842315
10.575,-0.721443482892816,0.0813703852068226,-0.646827855840821
10.59,-0.721443482893049,0.0813703852075307,-0.646827855839027
10.605,-0.721443482893312,0.0813703852077196,-0.646827855836962
10.62,-0.721443482893597,0.0813703852071719,-0.646827855834662
10.635,-0.721443482893898,0.0813703852056733,-0.646827855832163
10.65,-0.721443482894209,0.0813703852030152,-0.646827855829503
10.665,-0.721443482894521,0.0813703851989969,-0.646827855826724
10.68,-0.721443482894828,0.0813703851934275,-0.646827855823869
10.695,-0.721443482895122,0.0813703851861285,-0.646827855820982
10.71,-0.721443482895397,0.0813703851769353,-0.646827855818109
10.725,-0.721443482895644,0.0813703851656992,-0.646827855815295
10.74,-0.721443482895858,0.0813703851522887,-0.646827855812585
10.755,-0.72144348289603,0.0813703851365913,-0.646827855810024
10.77,-0.721443482896156,0.0813703851185137,-0.646827855807656
10.785,-0.721443482896228,0.0813703850979833,-0.646827855805522
10.8,-0.721443482896241,0.0813703850749483,-0.646827855803663
10.815,-0.72144348289619,0.0813703850493778,-0.646827855802117
10.83,-0.721443482896071,0.0813703850212619,-0.64682785580092
10.845,-0.721443482895879,0.0813703849906118,-0.646827855800103
10.86,-0.721443482895612,0.0813703849574585,-0.646827855799697
10.875,-0.721443482895265,0.081370384921853,-0.646827855799728
10.89,-0.721443482894838,0.0813703848838651,-0.646827855800218
10.905,-0.721443482894328,0.0813703848435827,-0.646827855801186
10.92,-0.721443482893734,0.0813703848011108,-0.646827855802647
10.935,-0.721443482893057,0.0813703847565703,-0.646827855804615
10.95,-0.721443482892296,0.0813703847100973,-0.646827855807095
10.965,-0.721443482891452,0.0813703846618417,-0.646827855810093
10.98,-0.721443482890528,0.0813703846119658,-0.646827855813609
10.995,-0.721443482889524,0.0813703845606438,-0.646827855817638
11.01,-0.721443482888444,0.0813703845080599,-0.646827855822175
11.025,-0.721443482887291,0.0813703844544072,-0.646827855827208
11.04,-0.721443482886069,0.0813703843998864,-0.646827855832722
11.055,-0.721443482884781,0.0813703843447048,-0.6468278558387
11.07,-0.721443482883434,0.081370384289074,-0.64682785584512
11.085,-0.721443482882031,0.0813703842332092,-0.646827855851959
11.1,-0.721443482880578,0.0813703841773276,-0.646827855859189
11.115,-0.721443482879082,0.0813703841216465,-0.646827855866778
11.13,-0.721443482877548,0.0813703840663817,-0.646827855874696
11.145,-0.721443482875983,0.0813703840117465,-0.646827855882905
11.16,-0.721443482874394,0.0813703839579494,-0.64682785589137
11.175,-0.721443482872788,0.0813703839051927,-0.64682785590005
11.19,-0.721443482871171,0.0813703838536708,-0.646827855908904
11.205,-0.721443482869551,0.081370383803569,-0.646827855917892
11.22,-0.721443482867935,0.0813703837550616,-0.646827855926969
11.235,-0.721443482866331,0.0813703837083103,-0.646827855936092
11.25,-0.721443482864744,0.0813703836634634,-0.646827855945218
11.265,-0.721443482863182,0.081370383620654,-0.646827855954303
11.28,-0.721443482861651,0.0813703835799993,-0.646827855963304
11.295,-0.721443482860158,0.0813703835415994,-0.646827855972179
11.31,-0.721443482858708,0.0813703835055362,-0.646827855980887
11.325,-0.721443482857308,0.0813703834718734,-0.646827855989388
11.34,-0.721443482855962,0.0813703834406554,-0.646827855997646
11.355,-0.721443482854675,0.081370383411907,-0.646827856005625
11.37,-0.721443482853452,0.0813703833856337,-0.646827856013291
11.385,-0.721443482852295,0.0813703833618212,-0.646827856020616
11.4,-0.721443482851208,0.081370383340436,-0.646827856027572
11.415,-0.721443482850194,0.0813703833214253,-0.646827856034136
11.43,-0.721443482849255,0.0813703833047182,-0.646827856040287
11.445,-0.721443482848391,0.0813703832902258,-0.646827856046008
11.46,-0.721443482847603,0.0813703832778423,-0.646827856051286
11.475,-0.721443482846892,0.0813703832674462,-0.646827856056112
11.49,-0.721443482846257,0.0813703832589009,-0.64682785606048
11.505,-0.721443482845696,0.0813703832520567,-0.646827856064389
11.52,-0.721443482845208,0.0813703832467513,-0.64682785606784
11.535,-0.721443482844791,0.0813703832428119,-0.646827856070839
11.55,-0.721443482844441,0.0813703832400564,-0.646827856073396
11.565,-0.721443482844154,0.0813703832382951,-0.646827856075524
11.58,-0.721443482843928,0.0813703832373323,-0.646827856077239
11.595,-0.721443482843757,0.0813703832369678,-0.646827856078561
11.61,-0.721443482843637,0.0813703832369987,-0.646827856079513
11.625,-0.721443482843562,0.0813703832372212,-0.64682785608012
11.64,-0.721443482843528,0.0813703832374318,-0.646827856080411
11.655,-0.721443482843527,0.0813703832374295,-0.646827856080417
11.67,-0.721443482843554,0.0813703832370168,-0.64682785608017
11.685,-0.721443482843603,0.0813703832360017,-0.646827856079704
11.7,-0.721443482843668,0.0813703832341987,-0.646827856079057
11.715,-0.721443482843741,0.081370383231431,-0.646827856078264
11.73,-0.721443482843817,0.0813703832275307,-0.646827856077366
11.745,-0.721443482843889,0.0813703832223412,-0.6468278560764
11.76,-0.721443482843951,0.0813703832157176,-0.646827856075407
11.775,-0.721443482843996,0.0813703832075279,-0.646827856074424
11.79,-0.721443482844018,0.0813703831976543,-0.646827856073493
11.805,-0.721443482844011,0.0813703831859938,-0.64682785607265
11.82,-0.721443482843971,0.081370383172459,-0.646827856071934
11.835,-0.721443482843891,0.0813703831569789,-0.646827856071381
11.85,-0.721443482843766,0.0813703831394993,-0.646827856071025
11.865,-0.721443482843592,0.0813703831199831,-0.6468278560709
11.88,-0.721443482843366,0.081370383098411,-0.646827856071038
11.895,-0.721443482843082,0.0813703830747814,-0.646827856071466
11.91,-0.721443482842739,0.0813703830491102,-0.646827856072211
11.925,-0.721443482842333,0.0813703830214313,-0.646827856073297
11.94,-0.721443482841862,0.081370382991796,-0.646827856074745
11.955,-0.721443482841324,0.0813703829602724,-0.646827856076571
11.97,-0.72144348284072,0.0813703829269455,-0.64682785607879
11.985,-0.721443482840047,0.081370382891916,-0.646827856081413
12,-0.721443482839308,0.0813703828552997,-0.646827856084448
12.015,-0.721443482838501,0.0813703828172284,-0.646827856087897
12.03,-0.72144348283763,0.0813703827778643,-0.646827856091759
12.045,-0.721443482836696,0.0813703827374028,-0.646827856096026
12.06,-0.721443482835705,0.0813703826960546,-0.646827856100684
12.075,-0.721443482834659,0.0813703826540414,-0.646827856105715
12.09,-0.721443482833565,0.0813703826115915,-0.646827856111098
12.105,-0.721443482832428,0.081370382568937,-0.646827856116805
12.12,-0.721443482831253,0.0813703825263099,-0.646827856122808
12.135,-0.721443482830048,0.0813703824839388,-0.646827856129072
12.15,-0.721443482828819,0.0813703824420456,-0.646827856135562
12.165,-0.721443482827572,0.0813703824008425,-0.646827856142242
12.18,-0.721443482826315,0.0813703823605295,-0.646827856149072
12.195,-0.721443482825054,0.0813703823212921,-0.646827856156012
12.21,-0.721443482823796,0.0813703822832996,-0.646827856163024
12.225,-0.721443482822548,0.0813703822467034,-0.646827856170068
12.24,-0.721443482821315,0.0813703822116365,-0.646827856177106
12.255,-0.721443482820104,0.0813703821782125,-0.6468278561841
12.27,-0.72144348281892,0.0813703821465256,-0.646827856191016
12.285,-0.721443482817767,0.081370382116651,-0.646827856197818
12.3,-0.721443482816651,0.0813703820886449,-0.646827856204477
12.315,-0.721443482815575,0.0813703820625454,-0.646827856210962
12.33,-0.721443482814544,0.0813703820383732,-0.646827856217247
12.345,-0.721443482813559,0.0813703820161328,-0.646827856223307
12.36,-0.721443482812625,0.0813703819958133,-0.646827856229121
12.375,-0.721443482811742,0.0813703819773893,-0.646827856234668
12.39,-0.721443482810914,0.0813703819608223,-0.646827856239932
12.405,-0.721443482810141,0.0813703819460614,-0.646827856244899
12.42,-0.721443482809424,0.0813703819330445,-0.646827856249556
12.435,-0.721443482808764,0.0813703819216985,-0.646827856253892
12.45,-0.721443482808161,0.0813703819119411,-0.646827856257902
12.465,-0.721443482807614,0.0813703819036806,-0.646827856261578
12.48,-0.721443482807124,0.0813703818968168,-0.646827856264919
12.495,-0.721443482806689,0.0813703818912419,-0.646827856267922
12.51,-0.721443482806308,0.0813703818868406,-0.64682785627059
12.525,-0.721443482805979,0.0813703818834906,-0.646827856272926
12.54,-0.721443482805701,0.0813703818810637,-0.646827856274935
12.555,-0.721443482805471,0.0813703818794258,-0.646827856276625
12.57,-0.721443482805286,0.0813703818784376,-0.646827856278006
12.585,-0.721443482805144,0.0813703818779558,-0.646827856279091
12.6,-0.721443482805041,0.0813703818778332,-0.646827856279893
12.615,-0.721443482804974,0.0813703818779201,-0.64682785628043
12.63,-0.721443482804938,0.0813703818780651,-0.646827856280719
12.645,-0.721443482804931,0.0813703818781165,-0.646827856280783
12.66,-0.721443482804947,0.0813703818779231,-0.646827856280644
12.675,-0.721443482804981,0.0813703818773361,-0.646827856280325
12.69,-0.72144348280503,0.08137038187621,-0.646827856279855
12.705,-0.721443482805088,0.0813703818744047,-0.646827856279259
12.72,-0.72144348280515,0.0813703818717864,-0.646827856278568
12.735,-0.721443482805211,0.0813703818682296,-0.646827856277811
12.75,-0.721443482805267,0.0813703818636184,-0.646827856277018
12.765,-0.721443482805311,0.0813703818578479,-0.646827856276221
12.78,-0.721443482805341,0.0813703818508256,-0.64682785627545
12.795,-0.72144348280535,0.0813703818424725,-0.646827856274735
12.81,-0.721443482805334,0.081370381832724,-0.646827856274107
12.825,-0.72144348280529,0.081370381821531,-0.646827856273594
12.84,-0.721443482805214,0.08137038180886,-0.646827856273222
12.855,-0.721443482805101,0.081370381794694,-0.646827856273018
12.87,-0.72144348280495,0.0813703817790319,-0.646827856273005
12.885,-0.721443482804757,0.0813703817618888,-0.646827856273204
12.9,-0.721443482804521,0.0813703817432955,-0.646827856273633
12.915,-0.72144348280424,0.0813703817232978,-0.646827856274308
12.93,-0.721443482803913,0.0813703817019554,-0.646827856275243
12.945,-0.72144348280354,0.0813703816793415,-0.646827856276448
12.96,-0.721443482803119,0.0813703816555411,-0.64682785627793
12.975,-0.721443482802652,0.0813703816306496,-0.646827856279693
12.99,-0.72144348280214,0.0813703816047719,-0.646827856281738
13.005,-0.721443482801583,0.0813703815780207,-0.646827856284065
13.02,-0.721443482800984,0.081370381550515,-0.646827856286669
13.035,-0.721443482800345,0.0813703815223785,-0.646827856289544
13.05,-0.721443482799667,0.0813703814937387,-0.646827856292681
13.065,-0.721443482798953,0.0813703814647248,-0.646827856296068
13.08,-0.721443482798207,0.0813703814354671,-0.646827856299692
13.095,-0.721443482797432,0.0813703814060954,-0.646827856303538
13.11,-0.721443482796631,0.0813703813767381,-0.646827856307589
13.125,-0.721443482795808,0.081370381347521,-0.646827856311827
13.14,-0.721443482794966,0.0813703813185665,-0.646827856316233
13.155,-0.721443482794108,0.0813703812899929,-0.646827856320785
13.17,-0.72144348279324,0.0813703812619135,-0.646827856325463
13.185,-0.721443482792365,0.0813703812344362,-0.646827856330245
13.2,-0.721443482791486,0.0813703812076625,-0.646827856335108
13.215,-0.721443482790607,0.0813703811816877,-0.646827856340029
13.23,-0.721443482789733,0.0813703811565998,-0.646827856344985
13.245,-0.721443482788866,0.0813703811324794,-0.646827856349952
13.26,-0.721443482788011,0.0813703811093993,-0.646827856354908
13.275,-0.721443482787172,0.0813703810874242,-0.64682785635983
13.29,-0.72144348278635,0.0813703810666102,-0.646827856364695
13.305,-0.721443482785551,0.0813703810470048,-0.64682785636948
13.32,-0.721443482784777,0.0813703810286461,-0.646827856374165
13.335,-0.72144348278403,0.0813703810115633,-0.646827856378729
13.35,-0.721443482783314,0.0813703809957757,-0.646827856383152
13.365,-0.721443482782631,0.0813703809812929,-0.646827856387415
13.38,-0.721443482781984,0.0813703809681147,-0.646827856391501
13.395,-0.721443482781373,0.0813703809562308,-0.646827856395395
13.41,-0.721443482780801,0.0813703809456207,-0.646827856399081
13.425,-0.721443482780269,0.0813703809362542,-0.646827856402547
13.44,-0.721443482779779,0.0813703809280907,-0.646827856405781
13.455,-0.72144348277933,0.0813703809210804,-0.646827856408775
13.47,-0.721443482778924,0.0813703809151637,-0.646827856411522
13.485,-0.721443482778559,0.0813703809102721,-0.646827856414015
13.5,-0.721443482778236,0.0813703809063288,-0.646827856416253
13.515,-0.721443482777954,0.0813703809032487,-0.646827856418235
13.53,-0.721443482777713,0.0813703809009401,-0.646827856419962
13.545,-0.721443482777509,0.0813703808993047,-0.646827856421439
13.56,-0.721443482777342,0.0813703808982387,-0.646827856422671
13.575,-0.72144348277721,0.0813703808976342,-0.646827856423667
13.59,-0.721443482777109,0.0813703808973797,-0.646827856424438
13.605,-0.721443482777038,0.0813703808973618,-0.646827856424995
13.62,-0.721443482776994,0.0813703808974659,-0.646827856425353
13.635,-0.721443482776973,0.0813703808975774,-0.646827856425529
13.65,-0.721443482776971,0.081370380897583,-0.646827856425539
13.665,-0.721443482776987,0.0813703808973721,-0.646827856425402
13.68,-0.721443482777015,0.0813703808968374,-0.64682785642514
13.695,-0.721443482777052,0.081370380895876,-0.646827856424772
13.71,-0.721443482777095,0.0813703808943909,-0.646827856424321
13.725,-0.721443482777139,0.0813703808922913,-0.646827856423808
13.74,-0.721443482777182,0.0813703808894938,-0.646827856423257
13.755,-0.721443482777219,0.0813703808859228,-0.64682785642269
13.77,-0.721443482777247,0.0813703808815113,-0.646827856422129
13.785,-0.721443482777262,0.0813703808762012,-0.646827856421597
13.8,-0.721443482777262,0.0813703808699439,-0.646827856421114
13.815,-0.721443482777244,0.0813703808627003,-0.646827856420701
13.83,-0.721443482777204,0.0813703808544412,-0.646827856420377
13.845,-0.72144348277714,0.0813703808451471,-0.646827856420162
13.86,-0.72144348277705,0.0813703808348085,-0.646827856420072
13.875,-0.721443482776932,0.0813703808234253,-0.646827856420123
13.89,-0.721443482776784,0.081370380811007,-0.646827856420329
13.905,-0.721443482776604,0.0813703807975722,-0.646827856420703
13.92,-0.721443482776392,0.0813703807831484,-0.646827856421256
13.935,-0.721443482776147,0.0813703807677715,-0.646827856421997
13.95,-0.721443482775868,0.0813703807514856,-0.646827856422934
13.965,-0.721443482775555,0.0813703807343419,-0.646827856424072
13.98,-0.721443482775208,0.0813703807163989,-0.646827856425416
13.995,-0.721443482774828,0.0813703806977217,-0.646827856426967
14.01,-0.721443482774415,0.081370380678381,-0.646827856428726
14.025,-0.721443482773969,0.0813703806584529,-0.64682785643069
14.04,-0.721443482773493,0.0813703806380181,-0.646827856432858
14.055,-0.721443482772987,0.0813703806171613,-0.646827856435223
14.07,-0.721443482772454,0.0813703805959708,-0.64682785643778
14.085,-0.721443482771896,0.0813703805745371,-0.646827856440518
14.1,-0.721443482771314,0.081370380552953,-0.64682785644343
14.115,-0.721443482770711,0.0813703805313123,-0.646827856446502
14.13,-0.721443482770089,0.0813703805097095,-0.646827856449723
14.145,-0.721443482769452,0.0813703804882384,-0.646827856453078
14.16,-0.721443482768801,0.0813703804669921,-0.646827856456552
14.175,-0.721443482768141,0.0813703804460617,-0.646827856460129
14.19,-0.721443482767474,0.0813703804255358,-0.646827856463791
14.205,-0.721443482766803,0.0813703804054994,-0.646827856467521
14.22,-0.721443482766131,0.0813703803860336,-0.6468278564713
14.235,-0.721443482765462,0.0813703803672146,-0.646827856475108
14.25,-0.721443482764799,0.0813703803491128,-0.646827856478927
14.265,-0.721443482764144,0.0813703803317927,-0.646827856482736
14.28,-0.721443482763501,0.0813703803153116,-0.646827856486518
14.295,-0.721443482762873,0.0813703802997198,-0.646827856490251
14.31,-0.721443482762263,0.0813703802850594,-0.646827856493919
14.325,-0.721443482761673,0.0813703802713643,-0.646827856497502
14.34,-0.721443482761105,0.0813703802586597,-0.646827856500984
14.355,-0.721443482760562,0.0813703802469621,-0.646827856504348
14.37,-0.721443482760046,0.0813703802362788,-0.646827856507579
14.385,-0.721443482759559,0.081370380226608,-0.646827856510663
14.4,-0.721443482759102,0.0813703802179391,-0.646827856513587
14.415,-0.721443482758676,0.0813703802102522,-0.646827856516341
14.43,-0.721443482758283,0.0813703802035192,-0.646827856518914
14.445,-0.721443482757922,0.0813703801977032,-0.6468278565213
14.46,-0.721443482757595,0.0813703801927598,-0.646827856523492
14.475,-0.721443482757301,0.0813703801886369,-0.646827856525486
14.49,-0.72144348275704,0.0813703801852758,-0.64682785652728
14.505,-0.721443482756811,0.0813703801826115,-0.646827856528873
14.52,-0.721443482756614,0.0813703801805733,-0.646827856530266
14.535,-0.721443482756447,0.081370380179086,-0.646827856531463
14.55,-0.721443482756309,0.0813703801780704,-0.646827856532468
14.565,-0.721443482756198,0.0813703801774441,-0.646827856533287
14.58,-0.721443482756114,0.0813703801771221,-0.646827856533929
14.595,-0.721443482756052,0.0813703801770182,-0.646827856534404
14.61,-0.721443482756012,0.0813703801770454,-0.646827856534721
14.625,-0.721443482755991,0.0813703801771165,-0.646827856534893
14.64,-0.721443482755986,0.0813703801771455,-0.646827856534934
14.655,-0.721443482755995,0.081370380177048,-0.646827856534857
14.67,-0.721443482756015,0.0813703801767418,-0.646827856534677
14.685,-0.721443482756043,0.0813703801761479,-0.646827856534411
14.7,-0.721443482756076,0.0813703801751908,-0.646827856534074
14.715,-0.721443482756112,0.0813703801737996,-0.646827856533684
14.73,-0.721443482756148,0.081370380171908,-0.646827856533256
14.745,-0.721443482756181,0.0813703801694553,-0.646827856532809
14.76,-0.721443482756208,0.0813703801663862,-0.646827856532359
14.775,-0.721443482756227,0.0813703801626521,-0.646827856531923
14.79,-0.721443482756235,0.0813703801582106,-0.646827856531517
14.805,-0.721443482756229,0.0813703801530263,-0.646827856531158
14.82,-0.721443482756208,0.0813703801470708,-0.64682785653086
14.835,-0.72144348275617,0.0813703801403231,-0.646827856530639
14.85,-0.721443482756112,0.0813703801327692,-0.646827856530508
14.865,-0.721443482756033,0.081370380124403,-0.646827856530481
14.88,-0.721443482755932,0.0813703801152254,-0.646827856530569
14.895,-0.721443482755806,0.081370380105245,-0.646827856530782
14.91,-0.721443482755656,0.0813703800944773,-0.646827856531132
14.925,-0.72144348275548,0.0813703800829452,-0.646827856531624
14.94,-0.721443482755277,0.0813703800706784,-0.646827856532267
14.955,-0.721443482755047,0.081370380057713,-0.646827856533066
14.97,-0.721443482754791,0.0813703800440915,-0.646827856534025
14.985,-0.721443482754508,0.0813703800298621,-0.646827856535146
